Dt,Doy,Vazao,Nivel,Chuva
2015-01-01,1,,2171.0,0.0
2015-01-02,2,,2174.0,0.0
2015-01-03,3,,2175.0,0.0
2015-01-04,4,,2177.0,0.0
2015-01-05,5,,2183.0,0.8
2015-01-06,6,,2186.0,0.0
2015-01-07,7,,2190.0,1.6
2015-01-08,8,,2195.0,0.0
2015-01-09,9,,2197.52,0.0
2015-01-10,10,,2203.69,0.0
2015-01-11,11,,2212.0,0.2
2015-01-12,12,,2219.0,0.2
2015-01-13,13,,2225.0,0.2
2015-01-14,14,,2230.0,0.0
2015-01-15,15,,2232.0,0.4
2015-01-16,16,,2232.0,0.2
2015-01-17,17,,2240.0,0.0
2015-01-18,18,,2251.0,0.0
2015-01-19,19,,2261.0,0.8
2015-01-20,20,,2268.0,0.0
2015-01-21,21,,2281.0,0.8
2015-01-22,22,,2289.0,0.0
2015-01-23,23,,2297.0,0.0
2015-01-24,24,,2303.0,0.2
2015-01-25,25,,2309.0,0.2
2015-01-26,26,,2316.0,0.0
2015-01-27,27,,2324.0,0.0
2015-01-28,28,,2331.0,0.0
2015-01-29,29,,2340.0,0.2
2015-01-30,30,,2347.0,0.2
2015-01-31,31,,2351.43,0.2
2015-02-01,32,,2358.61,0.2
2015-02-02,33,,2371.0,0.0
2015-02-03,34,,2379.0,0.0
2015-02-04,35,,2387.0,0.2
2015-02-05,36,,2392.22,0.2
2015-02-06,37,,2398.05,0.0
2015-02-07,38,,2404.0,0.0
2015-02-08,39,,2409.0,0.0
2015-02-09,40,,2414.0,0.0
2015-02-10,41,,2422.0,0.0
2015-02-11,42,,2426.0,0.0
2015-02-12,43,,2425.49,0.0
2015-02-13,44,,2437.27,0.0
2015-02-14,45,,2441.19,0.0
2015-02-15,46,,2446.39,0.0
2015-02-16,47,,2452.0,0.0
2015-02-17,48,,2455.0,0.0
2015-02-18,49,,2456.0,0.0
2015-02-19,50,,2461.0,0.0
2015-02-20,51,,2465.0,0.0
2015-02-21,52,,2469.0,0.0
2015-02-22,53,,2472.0,0.0
2015-02-23,54,,2482.0,0.0
2015-02-24,55,,2485.0,0.0
2015-02-25,56,,2490.0,0.6000000000000001
2015-02-26,57,,2495.0,0.6000000000000001
2015-02-27,58,,2499.0,0.0
2015-02-28,59,,2496.0,1.2
2015-03-01,60,,2499.0,0.0
2015-03-02,61,,2503.0,0.0
2015-03-03,62,,2506.0,0.0
2015-03-04,63,,2510.0,0.0
2015-03-05,64,,2516.0,0.2
2015-03-06,65,,2521.0,2.2
2015-03-07,66,,2525.0,0.2
2015-03-08,67,,2530.0,0.0
2015-03-09,68,,2538.0,2.6
2015-03-10,69,,2543.0,9.200000000000001
2015-03-11,70,,2548.0,14.0
2015-03-12,71,,2553.0,0.0
2015-03-13,72,,2557.0,8.2
2015-03-14,73,,2563.0,3.6
2015-03-15,74,,2568.0,8.200000000000001
2015-03-16,75,,2574.0,3.0
2015-03-17,76,,2583.0,3.0
2015-03-18,77,,2588.0,6.2
2015-03-19,78,,2595.0,11.6
2015-03-20,79,,2604.0,26.6
2015-03-21,80,,2611.0,0.2
2015-03-22,81,,2618.0,30.6
2015-03-23,82,,2626.85,4.8
2015-03-24,83,,2634.0,3.6
2015-03-25,84,,2641.0,0.6
2015-03-26,85,,2647.0,0.0
2015-03-27,86,,2654.0,0.0
2015-03-28,87,,2660.0,11.6
2015-03-29,88,,2669.0,0.8
2015-03-30,89,,2676.0,2.2
2015-03-31,90,,2683.0,8.8
2015-04-01,91,,2690.0,0.0
2015-04-02,92,,2696.0,0.0
2015-04-03,93,,2702.0,1.0
2015-04-04,94,,2707.0,0.0
2015-04-05,95,,2711.0,0.0
2015-04-06,96,,2716.0,0.0
2015-04-07,97,,2719.0,0.6
2015-04-08,98,,2726.0,0.0
2015-04-09,99,,2729.0,1.0
2015-04-10,100,,2734.0,7.6
2015-04-11,101,,2739.0,0.0
2015-04-12,102,,2744.0,28.6
2015-04-13,103,,2748.0,6.3999999999999995
2015-04-14,104,,2753.0,0.2
2015-04-15,105,,2756.0,0.0
2015-04-16,106,,2759.0,11.8
2015-04-17,107,,2762.0,0.0
2015-04-18,108,,2768.0,9.8
2015-04-19,109,,2769.0,0.2
2015-04-20,110,,2772.0,0.0
2015-04-21,111,,2774.0,0.0
2015-04-22,112,,2777.0,0.0
2015-04-23,113,,2779.0,0.0
2015-04-24,114,,2783.0,4.0
2015-04-25,115,,2787.0,10.200000000000001
2015-04-26,116,,2791.0,6.0
2015-04-27,117,,2795.0,0.6000000000000001
2015-04-28,118,,2802.0,0.2
2015-04-29,119,,2807.0,5.4
2015-04-30,120,,2813.0,1.0
2015-05-01,121,,2821.0,23.2
2015-05-02,122,,2829.0,1.5999999999999999
2015-05-03,123,,2832.0,3.2
2015-05-04,124,,2838.0,0.2
2015-05-05,125,,2843.0,10.8
2015-05-06,126,,2851.0,82.0
2015-05-07,127,,2857.0,3.4
2015-05-08,128,,2861.0,9.6
2015-05-09,129,,2866.0,13.8
2015-05-10,130,,2871.0,0.6
2015-05-11,131,,2876.0,0.2
2015-05-12,132,,2880.0,0.0
2015-05-13,133,,2883.0,0.0
2015-05-14,134,,2887.0,6.0
2015-05-15,135,,2890.0,0.0
2015-05-16,136,,2893.0,23.0
2015-05-17,137,,2897.0,0.2
2015-05-18,138,,2900.0,0.0
2015-05-19,139,,2907.0,37.6
2015-05-20,140,,2910.0,0.0
2015-05-21,141,,2913.0,0.4
2015-05-22,142,,2918.0,16.4
2015-05-23,143,,2920.0,10.799999999999999
2015-05-24,144,,2923.0,1.0
2015-05-25,145,,2928.0,0.2
2015-05-26,146,,2930.0,12.600000000000001
2015-05-27,147,,2934.0,1.0
2015-05-28,148,,2936.0,0.6000000000000001
2015-05-29,149,,2939.0,0.0
2015-05-30,150,,2942.0,2.6
2015-05-31,151,,2943.0,0.2
2015-06-01,152,,2946.0,0.0
2015-06-02,153,,2948.0,1.0
2015-06-03,154,,2949.0,0.2
2015-06-04,155,,2950.0,0.0
2015-06-05,156,,2952.0,0.0
2015-06-06,157,,2954.0,2.8
2015-06-07,158,,2957.0,21.2
2015-06-08,159,,2957.0,0.0
2015-06-09,160,,2960.0,11.0
2015-06-10,161,,2962.0,0.2
2015-06-11,162,,2964.0,1.2
2015-06-12,163,,2964.0,0.0
2015-06-13,164,,2965.0,13.2
2015-06-14,165,,2966.0,0.6
2015-06-15,166,,2966.0,0.2
2015-06-16,167,,2967.0,0.0
2015-06-17,168,,2967.0,0.0
2015-06-18,169,,2968.0,4.4
2015-06-19,170,,2968.0,0.0
2015-06-20,171,,2968.0,1.0
2015-06-21,172,,2972.0,37.8
2015-06-22,173,,2971.0,0.2
2015-06-23,174,,2972.0,22.6
2015-06-24,175,,2972.0,0.2
2015-06-25,176,,2973.0,0.0
2015-06-26,177,,2972.0,0.0
2015-06-27,178,,2971.0,5.8
2015-06-28,179,,2971.0,0.0
2015-06-29,180,,2971.0,0.0
2015-06-30,181,,2971.0,0.6000000000000001
2015-07-01,182,,2970.0,0.0
2015-07-02,183,,2969.0,0.0
2015-07-03,184,,2968.0,3.0
2015-07-04,185,,2966.0,0.0
2015-07-05,186,,2965.0,7.0
2015-07-06,187,,2963.0,0.2
2015-07-07,188,,2963.0,2.8000000000000003
2015-07-08,189,,2961.0,0.0
2015-07-09,190,,2959.0,0.0
2015-07-10,191,,2958.0,0.0
2015-07-11,192,,2955.0,1.0
2015-07-12,193,,2953.0,0.0
2015-07-13,194,,2952.0,0.0
2015-07-14,195,,2950.0,0.0
2015-07-15,196,,2948.0,0.0
2015-07-16,197,,2945.0,6.6000000000000005
2015-07-17,198,,2943.0,0.0
2015-07-18,199,,2940.0,0.0
2015-07-19,200,,2938.0,0.0
2015-07-20,201,,2935.0,0.0
2015-07-21,202,,2932.0,0.0
2015-07-22,203,,2930.0,6.6
2015-07-23,204,,2929.0,3.6
2015-07-24,205,,2926.0,5.4
2015-07-25,206,,2923.0,7.8
2015-07-26,207,,2920.0,2.6
2015-07-27,208,,2917.0,0.0
2015-07-28,209,,2914.0,0.8
2015-07-29,210,,2911.0,0.0
2015-07-30,211,,2908.0,0.2
2015-07-31,212,,2905.0,0.4
2015-08-01,213,,2902.0,9.6
2015-08-02,214,,2899.0,0.0
2015-08-03,215,,2896.0,1.8
2015-08-04,216,,2893.0,0.0
2015-08-05,217,,2889.0,0.0
2015-08-06,218,,2885.0,0.0
2015-08-07,219,,2882.0,1.4
2015-08-08,220,,2877.0,5.4
2015-08-09,221,,2874.0,0.0
2015-08-10,222,,2869.0,0.0
2015-08-11,223,,2864.0,0.4
2015-08-12,224,,2860.0,28.8
2015-08-13,225,,2855.0,0.0
2015-08-14,226,,2849.0,0.0
2015-08-15,227,,2845.0,0.0
2015-08-16,228,,2839.0,0.0
2015-08-17,229,,2833.0,0.0
2015-08-18,230,,2827.0,7.0
2015-08-19,231,,2820.0,0.4
2015-08-20,232,,2814.0,0.0
2015-08-21,233,,2807.0,0.0
2015-08-22,234,,2800.0,0.2
2015-08-23,235,,2795.0,0.2
2015-08-24,236,,2787.0,0.0
2015-08-25,237,,2780.0,0.0
2015-08-26,238,,2773.0,0.2
2015-08-27,239,,2766.0,0.0
2015-08-28,240,,2759.0,0.0
2015-08-29,241,,2752.0,6.0
2015-08-30,242,,2745.0,3.8
2015-08-31,243,,2736.0,0.0
2015-09-01,244,,2730.0,0.2
2015-09-02,245,,2722.0,0.0
2015-09-03,246,,2714.0,26.6
2015-09-04,247,,2705.0,0.0
2015-09-05,248,,2697.0,0.0
2015-09-06,249,,2689.0,0.0
2015-09-07,250,,2681.0,0.0
2015-09-08,251,,2672.0,0.0
2015-09-09,252,,2663.0,1.8
2015-09-10,253,,2653.0,0.0
2015-09-11,254,,2643.0,0.0
2015-09-12,255,,2632.0,0.0
2015-09-13,256,,2622.0,0.0
2015-09-14,257,,2609.0,1.2
2015-09-15,258,,2600.0,2.4000000000000004
2015-09-16,259,,2590.0,0.0
2015-09-17,260,,2577.0,0.6
2015-09-18,261,,2564.0,2.1999999999999997
2015-09-19,262,,2551.0,5.0
2015-09-20,263,,2538.0,1.0
2015-09-21,264,,2525.0,0.0
2015-09-22,265,,2510.0,2.4
2015-09-23,266,,2494.0,0.0
2015-09-24,267,,2478.0,3.2
2015-09-25,268,,2461.0,0.8
2015-09-26,269,,2443.0,0.0
2015-09-27,270,,2424.0,0.0
2015-09-28,271,,2405.0,6.8
2015-09-29,272,,2384.0,0.0
2015-09-30,273,,2361.0,0.0
2015-10-01,274,,2337.0,16.400000000000002
2015-10-02,275,,2316.0,0.2
2015-10-03,276,,2308.0,5.6
2015-10-04,277,,2300.0,2.4000000000000004
2015-10-05,278,,2291.0,0.0
2015-10-06,279,,2284.0,28.8
2015-10-07,280,,2278.0,0.0
2015-10-08,281,,2269.0,0.0
2015-10-09,282,,2248.0,0.0
2015-10-10,283,,2049.0,0.0
2015-10-11,284,,2013.0,0.0
2015-10-12,285,,1976.0,0.0
2015-10-13,286,,1938.0,12.0
2015-10-14,287,,1903.0,4.8
2015-10-15,288,,1869.0,5.4
2015-10-16,289,,1836.0,3.2
2015-10-17,290,,1803.0,0.0
2015-10-18,291,,1772.0,0.2
2015-10-19,292,,1742.0,4.6
2015-10-20,293,,1713.0,0.0
2015-10-21,294,,1688.0,3.4
2015-10-22,295,,1667.0,3.6
2015-10-23,296,,1649.0,0.0
2015-10-24,297,,1630.0,0.0
2015-10-25,298,,1619.0,16.4
2015-10-26,299,,1605.0,0.4
2015-10-27,300,,1601.0,0.4
2015-10-28,301,,1598.0,1.2000000000000002
2015-10-29,302,,1600.0,0.2
2015-10-30,303,,1606.0,0.0
2015-10-31,304,,1610.0,0.0
2015-11-01,305,,1617.0,0.0
2015-11-02,306,,1624.0,0.8
2015-11-03,307,,1631.0,24.0
2015-11-04,308,,1638.0,2.8000000000000003
2015-11-05,309,,1643.0,24.0
2015-11-06,310,,1647.0,0.0
2015-11-07,311,,1656.0,0.2
2015-11-08,312,,1661.0,0.0
2015-11-09,313,,1668.0,0.0
2015-11-10,314,,1670.0,0.0
2015-11-11,315,,1671.0,59.8
2015-11-12,316,,1672.0,0.2
2015-11-13,317,,1673.0,0.0
2015-11-14,318,,1671.0,145.60000000000002
2015-11-15,319,,1668.0,0.0
2015-11-16,320,,1665.0,0.0
2015-11-17,321,,1661.0,0.0
2015-11-18,322,,1661.0,0.0
2015-11-19,323,,1661.0,27.8
2015-11-20,324,,1662.0,45.6
2015-11-21,325,,1662.0,0.0
2015-11-22,326,,1661.0,0.0
2015-11-23,327,,1661.0,0.0
2015-11-24,328,,1662.0,0.0
2015-11-25,329,,1663.0,0.0
2015-11-26,330,,1664.0,25.6
2015-11-27,331,,1668.0,0.2
2015-11-28,332,,1674.0,0.0
2015-11-29,333,,1680.0,0.0
2015-11-30,334,,1686.0,0.4
2015-12-01,335,,1691.0,0.0
2015-12-02,336,,1696.0,0.6
2015-12-03,337,,1699.0,0.0
2015-12-04,338,,1706.0,0.6
2015-12-05,339,,1712.0,0.0
2015-12-06,340,,1716.0,6.8
2015-12-07,341,,1715.0,0.0
2015-12-08,342,,1719.0,10.0
2015-12-09,343,,1722.0,0.4
2015-12-10,344,,1724.0,0.0
2015-12-11,345,,1726.0,1.4
2015-12-12,346,,1727.0,0.2
2015-12-13,347,,1727.0,2.2
2015-12-14,348,,1727.0,0.0
2015-12-15,349,,1728.0,0.0
2015-12-16,350,,1728.0,0.0
2015-12-17,351,,1728.0,0.0
2015-12-18,352,,1729.0,0.0
2015-12-19,353,,1729.0,0.0
2015-12-20,354,,1728.0,0.0
2015-12-21,355,,1727.0,0.0
2015-12-22,356,,1726.0,0.0
2015-12-23,357,,1727.0,0.0
2015-12-24,358,,1728.0,0.0
2015-12-25,359,,1729.0,0.0
2015-12-26,360,,1730.0,0.0
2015-12-27,361,,1730.0,0.0
2015-12-28,362,,1730.0,0.0
2015-12-29,363,,1735.0,0.0
2015-12-30,364,,1741.0,0.0
2015-12-31,365,,1747.0,0.0
2016-01-01,1,,1754.0,0.0
2016-01-02,2,,1762.0,0.0
2016-01-03,3,,1772.0,0.0
2016-01-04,4,,1780.0,0.0
2016-01-05,5,,1791.0,0.0
2016-01-06,6,,1800.0,0.0
2016-01-07,7,,1812.0,0.0
2016-01-08,8,,1824.0,0.0
2016-01-09,9,,1835.0,0.0
2016-01-10,10,,1846.0,0.0
2016-01-11,11,,1858.0,0.0
2016-01-12,12,,1871.0,5.2
2016-01-13,13,,1882.0,0.0
2016-01-14,14,,1892.0,23.0
2016-01-15,15,,1904.0,0.0
2016-01-16,16,,1914.0,0.0
2016-01-17,17,,1924.0,0.0
2016-01-18,18,,1935.0,0.0
2016-01-19,19,,1945.0,0.6000000000000001
2016-01-20,20,,1952.0,2.8
2016-01-21,21,,1961.0,19.2
2016-01-22,22,,1973.0,7.3999999999999995
2016-01-23,23,,1981.0,1.2
2016-01-24,24,,1989.0,0.0
2016-01-25,25,,1998.0,0.0
2016-01-26,26,,2004.0,0.0
2016-01-27,27,,2011.0,0.0
2016-01-28,28,,2013.79,0.0
2016-01-29,29,,2013.76,0.0
2016-01-30,30,,2014.52,0.0
2016-01-31,31,,2016.13,0.0
2016-02-01,32,,2015.11,0.0
2016-02-02,33,,2014.0,42.0
2016-02-03,34,,2014.0,16.2
2016-02-04,35,,2013.0,1.8
2016-02-05,36,,2010.0,1.8
2016-02-06,37,,2007.0,5.8
2016-02-07,38,,2005.0,12.4
2016-02-08,39,,2003.0,0.0
2016-02-09,40,,2000.0,0.0
2016-02-10,41,,1997.0,20.0
2016-02-11,42,,1995.0,1.2
2016-02-12,43,,1991.0,5.8
2016-02-13,44,,1987.0,0.0
2016-02-14,45,,1983.0,0.0
2016-02-15,46,,1978.0,7.8
2016-02-16,47,,1974.0,0.0
2016-02-17,48,,1970.0,6.2
2016-02-18,49,,1968.44,21.4
2016-02-19,50,,1968.0,41.2
2016-02-20,51,,1968.0,9.8
2016-02-21,52,,1967.0,0.2
2016-02-22,53,,1966.0,0.8
2016-02-23,54,,1965.29,14.0
2016-02-24,55,,1970.01,8.6
2016-02-25,56,,1973.8,1.0
2016-02-26,57,,1981.53,75.8
2016-02-27,58,,1987.34,0.8
2016-02-28,59,,1995.1,2.2
2016-02-29,60,,2005.92,4.2
2016-03-01,61,,2012.67,13.6
2016-03-02,62,,2022.47,4.6
2016-03-03,63,,2030.25,1.8
2016-03-04,64,,2042.03,0.0
2016-03-05,65,,2051.83,2.0
2016-03-06,66,,2062.61,2.6
2016-03-07,67,,2079.38,2.2
2016-03-08,68,,2092.17,23.0
2016-03-09,69,,2107.98,6.6
2016-03-10,70,,2121.75,0.2
2016-03-11,71,,2134.53,3.0
2016-03-12,72,,2151.3,32.6
2016-03-13,73,,2165.09,33.0
2016-03-14,74,,2174.89,14.6
2016-03-15,75,,2187.66,0.0
2016-03-16,76,,2198.44,0.0
2016-03-17,77,,2209.23,1.2
2016-03-18,78,,2219.01,19.4
2016-03-19,79,,2226.87,8.6
2016-03-20,80,,2239.58,9.4
2016-03-21,81,,2249.36,6.6
2016-03-22,82,,2258.14,16.8
2016-03-23,83,,2266.95,34.8
2016-03-24,84,,2275.73,3.8000000000000003
2016-03-25,85,,2284.5,0.6000000000000001
2016-03-26,86,,2291.34,14.200000000000001
2016-03-27,87,,2301.11,2.2
2016-03-28,88,,2312.87,42.2
2016-03-29,89,,2320.65,4.2
2016-03-30,90,,2328.43,40.4
2016-03-31,91,,2339.22,1.8
2016-04-01,92,,2349.02,44.6
2016-04-02,93,,2357.81,9.0
2016-04-03,94,,2364.58,0.0
2016-04-04,95,,2374.37,1.6
2016-04-05,96,,2382.14,0.6
2016-04-06,97,,2388.92,3.4
2016-04-07,98,,2393.71,0.0
2016-04-08,99,,2401.49,0.0
2016-04-09,100,,2406.28,12.200000000000001
2016-04-10,101,,2413.09,61.8
2016-04-11,102,,2419.88,0.0
2016-04-12,103,,2432.68,79.8
2016-04-13,104,,2440.41,3.1999999999999997
2016-04-14,105,,2446.21,0.0
2016-04-15,106,,2451.98,0.2
2016-04-16,107,,2455.79,0.0
2016-04-17,108,,2463.56,0.0
2016-04-18,109,,2470.34,5.8
2016-04-19,110,,2477.14,6.6
2016-04-20,111,,2485.0,0.2
2016-04-21,112,,2494.0,37.4
2016-04-22,113,,2499.0,0.4
2016-04-23,114,,2504.0,1.2
2016-04-24,115,,2511.0,8.0
2016-04-25,116,,2518.0,10.0
2016-04-26,117,,2524.0,0.2
2016-04-27,118,,2526.0,5.4
2016-04-28,119,,2536.0,5.8
2016-04-29,120,,2543.0,2.4000000000000004
2016-04-30,121,,2550.0,2.6
2016-05-01,122,,2556.0,3.0
2016-05-02,123,,2563.0,7.800000000000001
2016-05-03,124,,2571.0,0.0
2016-05-04,125,,2578.0,0.0
2016-05-05,126,,2585.0,44.8
2016-05-06,127,,2592.0,0.0
2016-05-07,128,,2599.0,0.0
2016-05-08,129,,2605.0,0.0
2016-05-09,130,,2611.0,0.0
2016-05-10,131,,2618.0,1.4000000000000001
2016-05-11,132,,2625.0,23.8
2016-05-12,133,,2635.0,65.4
2016-05-13,134,,2640.0,0.4
2016-05-14,135,,2645.0,19.2
2016-05-15,136,,2649.0,0.6000000000000001
2016-05-16,137,,2653.0,0.0
2016-05-17,138,,2657.0,0.0
2016-05-18,139,,2661.0,0.0
2016-05-19,140,,2666.0,2.4
2016-05-20,141,,2669.0,0.0
2016-05-21,142,,2672.0,0.0
2016-05-22,143,,2675.0,8.6
2016-05-23,144,,2678.0,25.200000000000003
2016-05-24,145,,2682.0,9.200000000000001
2016-05-25,146,,2684.0,0.0
2016-05-26,147,,2687.0,6.800000000000001
2016-05-27,148,,2690.0,1.7999999999999998
2016-05-28,149,,2692.0,0.0
2016-05-29,150,,2695.0,0.0
2016-05-30,151,,2698.0,12.2
2016-05-31,152,,2700.0,0.4
2016-06-01,153,,2702.0,0.0
2016-06-02,154,,2704.0,16.8
2016-06-03,155,,2705.0,2.0
2016-06-04,156,,2707.0,0.0
2016-06-05,157,,2709.0,17.0
2016-06-06,158,,2709.0,0.4
2016-06-07,159,,2711.0,0.0
2016-06-08,160,,2712.0,0.0
2016-06-09,161,,2713.0,0.0
2016-06-10,162,,2714.0,0.0
2016-06-11,163,,2715.0,3.2
2016-06-12,164,,2717.0,16.8
2016-06-13,165,,2719.0,2.8000000000000003
2016-06-14,166,,2719.0,0.0
2016-06-15,167,,2720.0,0.0
2016-06-16,168,,2720.0,0.0
2016-06-17,169,,2720.0,0.0
2016-06-18,170,,2721.0,0.0
2016-06-19,171,,2720.0,2.1999999999999997
2016-06-20,172,,2721.0,11.4
2016-06-21,173,,2721.0,0.0
2016-06-22,174,,2722.0,0.0
2016-06-23,175,,2722.0,0.0
2016-06-24,176,,2723.0,0.0
2016-06-25,177,,2725.0,69.4
2016-06-26,178,,2724.0,0.0
2016-06-27,179,,2724.0,1.0
2016-06-28,180,,2724.0,0.0
2016-06-29,181,,2723.0,0.0
2016-06-30,182,,2723.0,0.0
2016-07-01,183,,2722.0,0.0
2016-07-02,184,,2721.0,0.0
2016-07-03,185,,2720.0,0.0
2016-07-04,186,,2719.0,0.0
2016-07-05,187,,2718.0,11.0
2016-07-06,188,,2718.0,28.0
2016-07-07,189,,2717.0,0.0
2016-07-08,190,,2716.0,0.6
2016-07-09,191,,2715.0,1.2
2016-07-10,192,,2713.0,0.0
2016-07-11,193,,2712.0,0.4
2016-07-12,194,,2710.0,0.0
2016-07-13,195,,2709.0,0.0
2016-07-14,196,,2707.0,0.0
2016-07-15,197,,2705.0,0.0
2016-07-16,198,,2703.0,0.0
2016-07-17,199,,2700.0,0.0
2016-07-18,200,,2697.0,0.0
2016-07-19,201,,2694.0,0.0
2016-07-20,202,,2694.0,107.80000000000001
2016-07-21,203,,2691.0,14.600000000000001
2016-07-22,204,,2689.0,5.2
2016-07-23,205,,2682.0,23.6
2016-07-24,206,,2681.0,7.4
2016-07-25,207,,2678.0,0.0
2016-07-26,208,,2677.0,0.0
2016-07-27,209,,2674.0,0.0
2016-07-28,210,,2672.0,0.0
2016-07-29,211,,2670.0,0.0
2016-07-30,212,,2667.0,0.0
2016-07-31,213,,2664.0,26.0
2016-08-01,214,,2660.0,15.399999999999999
2016-08-02,215,,2655.0,0.0
2016-08-03,216,,2650.0,0.0
2016-08-04,217,,2646.0,0.0
2016-08-05,218,,2643.0,24.4
2016-08-06,219,,2639.0,0.0
2016-08-07,220,,2634.0,0.0
2016-08-08,221,,2627.0,0.0
2016-08-09,222,,2623.0,0.0
2016-08-10,223,,2617.0,0.0
2016-08-11,224,,2612.0,0.0
2016-08-12,225,,2607.0,52.800000000000004
2016-08-13,226,,2601.0,0.0
2016-08-14,227,,2595.0,0.0
2016-08-15,228,,2590.0,0.0
2016-08-16,229,,2584.0,0.0
2016-08-17,230,,2577.0,0.0
2016-08-18,231,,2570.0,0.0
2016-08-19,232,,2563.0,0.0
2016-08-20,233,,2556.0,0.0
2016-08-21,234,,2548.0,0.0
2016-08-22,235,,2539.0,0.0
2016-08-23,236,,2531.0,0.0
2016-08-24,237,,2522.0,15.4
2016-08-25,238,,2514.0,0.2
2016-08-26,239,,2505.0,0.0
2016-08-27,240,,2495.0,0.0
2016-08-28,241,,2485.0,0.0
2016-08-29,242,,2474.0,4.2
2016-08-30,243,,2464.0,0.0
2016-08-31,244,,2451.0,0.6
2016-09-01,245,,2442.0,0.0
2016-09-02,246,,2427.0,0.0
2016-09-03,247,,2415.0,0.0
2016-09-04,248,,2400.0,0.0
2016-09-05,249,,2386.0,0.0
2016-09-06,250,,2371.0,0.0
2016-09-07,251,,2357.0,0.0
2016-09-08,252,,2343.0,0.0
2016-09-09,253,,2330.0,0.0
2016-09-10,254,,2313.0,0.0
2016-09-11,255,,2296.0,0.0
2016-09-12,256,,2278.92,83.39999999999999
2016-09-13,257,,2264.0,0.0
2016-09-14,258,,2245.0,0.0
2016-09-15,259,,2226.0,27.200000000000003
2016-09-16,260,,2205.0,5.6000000000000005
2016-09-17,261,,2187.0,0.2
2016-09-18,262,,2167.0,1.8000000000000003
2016-09-19,263,,2147.0,0.8
2016-09-20,264,,2126.0,0.2
2016-09-21,265,,2106.0,0.8
2016-09-22,266,,2087.0,0.4
2016-09-23,267,,2067.0,1.0
2016-09-24,268,,2046.0,2.0
2016-09-25,269,,2028.0,1.4000000000000001
2016-09-26,270,,2010.0,0.2
2016-09-27,271,,1990.0,0.0
2016-09-28,272,,1975.0,0.0
2016-09-29,273,,1959.0,0.6000000000000001
2016-09-30,274,,1944.0,0.2
2016-10-01,275,,1929.0,7.0
2016-10-02,276,,1917.0,1.2000000000000002
2016-10-03,277,,1905.0,0.0
2016-10-04,278,,1894.0,0.0
2016-10-05,279,,1885.0,0.4
2016-10-06,280,,1877.0,1.2
2016-10-07,281,,1866.0,0.0
2016-10-08,282,,1860.0,7.2
2016-10-09,283,,1854.0,0.0
2016-10-10,284,,1849.0,2.6
2016-10-11,285,,1843.0,0.0
2016-10-12,286,,1838.0,0.0
2016-10-13,287,,1834.0,0.0
2016-10-14,288,,1830.0,0.0
2016-10-15,289,,1826.0,0.0
2016-10-16,290,,1822.0,0.0
2016-10-17,291,,1821.0,0.0
2016-10-18,292,,1818.0,0.0
2016-10-19,293,,1816.0,0.0
2016-10-20,294,,1816.0,0.0
2016-10-21,295,,1816.0,0.0
2016-10-22,296,,1817.0,0.0
2016-10-23,297,,1816.0,0.0
2016-10-24,298,,1817.0,0.0
2016-10-25,299,,1818.0,0.0
2016-10-26,300,,1819.0,0.0
2016-10-27,301,,1820.0,0.0
2016-10-28,302,,1820.0,0.0
2016-10-29,303,,1822.0,0.0
2016-10-30,304,,1825.0,0.0
2016-10-31,305,,1828.0,0.0
2016-11-01,306,,1831.0,0.0
2016-11-02,307,,1832.0,0.0
2016-11-03,308,,1832.0,0.0
2016-11-04,309,,1832.0,1.0
2016-11-05,310,,1832.0,21.400000000000002
2016-11-06,311,,1831.0,2.4000000000000004
2016-11-07,312,,1830.0,2.8000000000000003
2016-11-08,313,,1829.0,4.4
2016-11-09,314,,1827.0,4.4
2016-11-10,315,,1825.0,5.2
2016-11-11,316,,1825.0,3.0
2016-11-12,317,,1822.0,0.0
2016-11-13,318,,1819.0,0.0
2016-11-14,319,,1815.0,0.0
2016-11-15,320,,1812.0,0.0
2016-11-16,321,,1810.0,0.2
2016-11-17,322,,1805.0,0.0
2016-11-18,323,,1799.0,0.0
2016-11-19,324,,1793.0,0.0
2016-11-20,325,,1790.0,0.0
2016-11-21,326,,1787.0,2.0
2016-11-22,327,,1786.0,8.0
2016-11-23,328,,1785.0,0.0
2016-11-24,329,,1784.0,1.0
2016-11-25,330,,1783.0,0.0
2016-11-26,331,,1782.0,0.0
2016-11-27,332,,1782.0,0.0
2016-11-28,333,,1782.0,0.0
2016-11-29,334,,1780.0,0.0
2016-11-30,335,,1778.0,0.0
2016-12-01,336,,1774.0,0.0
2016-12-02,337,,1771.0,0.6
2016-12-03,338,,1768.0,56.4
2016-12-04,339,,1765.0,0.2
2016-12-05,340,,1761.0,0.6000000000000001
2016-12-06,341,,1754.0,0.4
2016-12-07,342,,1745.0,1.2000000000000002
2016-12-08,343,,1743.0,0.8
2016-12-09,344,,1734.0,0.6000000000000001
2016-12-10,345,,1729.0,0.6000000000000001
2016-12-11,346,,1725.0,0.8
2016-12-12,347,,1725.0,0.8
2016-12-13,348,,1722.0,0.0
2016-12-14,349,,1721.0,0.2
2016-12-15,350,,1723.0,0.2
2016-12-16,351,,1729.0,3.6
2016-12-17,352,,1737.0,0.0
2016-12-18,353,,1749.0,25.2
2016-12-19,354,,1760.0,0.0
2016-12-20,355,,1774.0,0.0
2016-12-21,356,,1786.0,0.2
2016-12-22,357,,1802.0,0.2
2016-12-23,358,,1817.0,0.4
2016-12-24,359,,1833.0,0.2
2016-12-25,360,,1848.0,0.2
2016-12-26,361,,1864.0,0.2
2016-12-27,362,,1891.0,0.2
2016-12-28,363,,1908.0,0.0
2016-12-29,364,,1927.0,3.6
2016-12-30,365,,1943.0,6.2
2016-12-31,366,,1966.0,6.2
2017-01-01,1,,1986.0,9.4
2017-01-02,2,,2006.0,5.4
2017-01-03,3,,2023.0,0.8
2017-01-04,4,,2042.0,2.6
2017-01-05,5,,2059.0,0.0
2017-01-06,6,,2075.0,1.2
2017-01-07,7,,2089.0,0.0
2017-01-08,8,,2105.0,0.0
2017-01-09,9,,2120.0,0.0
2017-01-10,10,,2134.0,0.0
2017-01-11,11,,2148.0,0.0
2017-01-12,12,,2165.0,3.6
2017-01-13,13,,2181.0,4.8
2017-01-14,14,,2195.0,30.2
2017-01-15,15,,2208.0,0.2
2017-01-16,16,,2220.0,1.2000000000000002
2017-01-17,17,,2235.0,17.2
2017-01-18,18,,2250.0,2.4000000000000004
2017-01-19,19,,2263.0,0.0
2017-01-20,20,,2279.0,0.0
2017-01-21,21,,2290.0,0.6000000000000001
2017-01-22,22,,2311.0,7.2
2017-01-23,23,,2320.0,0.4
2017-01-24,24,,2331.0,2.0
2017-01-25,25,,2342.0,15.4
2017-01-26,26,,2351.0,0.0
2017-01-27,27,,2362.0,6.0
2017-01-28,28,,2372.0,0.0
2017-01-29,29,,2383.0,25.6
2017-01-30,30,,2393.0,0.4
2017-01-31,31,,2401.0,31.4
2017-02-01,32,,2413.0,28.0
2017-02-02,33,,2420.0,4.6000000000000005
2017-02-03,34,,2430.0,32.8
2017-02-04,35,,2439.0,12.8
2017-02-05,36,,2448.0,9.6
2017-02-06,37,,2455.0,0.4
2017-02-07,38,,2461.0,14.200000000000001
2017-02-08,39,,2469.0,7.6
2017-02-09,40,,2478.0,42.4
2017-02-10,41,,2483.0,0.0
2017-02-11,42,,2487.0,2.4
2017-02-12,43,,2491.0,0.0
2017-02-13,44,,2495.0,0.0
2017-02-14,45,,2498.0,0.0
2017-02-15,46,,2502.0,0.0
2017-02-16,47,,2507.0,25.400000000000002
2017-02-17,48,,2512.0,1.4000000000000001
2017-02-18,49,,2517.0,0.0
2017-02-19,50,,2521.0,0.0
2017-02-20,51,,2527.0,5.0
2017-02-21,52,,2533.0,16.6
2017-02-22,53,,2536.0,1.4000000000000001
2017-02-23,54,,2540.0,0.0
2017-02-24,55,,2550.0,36.599999999999994
2017-02-25,56,,2553.0,0.6000000000000001
2017-02-26,57,,2558.0,0.4
2017-02-27,58,,2563.0,11.0
2017-02-28,59,,2567.0,0.6000000000000001
2017-03-01,60,,2570.0,0.0
2017-03-02,61,,2574.0,0.0
2017-03-03,62,,2577.0,3.8000000000000003
2017-03-04,63,,2581.0,13.4
2017-03-05,64,,2586.0,1.5999999999999999
2017-03-06,65,,2592.0,55.8
2017-03-07,66,,2599.0,23.6
2017-03-08,67,,2604.0,34.0
2017-03-09,68,,2609.0,3.6000000000000005
2017-03-10,69,,2614.0,50.4
2017-03-11,70,,2618.0,13.6
2017-03-12,71,,2623.0,2.8
2017-03-13,72,,2629.0,0.4
2017-03-14,73,,2635.0,34.4
2017-03-15,74,,2640.0,0.0
2017-03-16,75,,2645.0,68.0
2017-03-17,76,,2649.0,0.2
2017-03-18,77,,2655.0,0.0
2017-03-19,78,,2667.0,7.4
2017-03-20,79,,2672.0,0.2
2017-03-21,80,,2677.0,2.6
2017-03-22,81,,2684.0,0.2
2017-03-23,82,,2688.0,0.0
2017-03-24,83,,2695.0,6.6000000000000005
2017-03-25,84,,2702.0,29.0
2017-03-26,85,,2706.0,9.0
2017-03-27,86,,2710.0,0.0
2017-03-28,87,,2715.0,0.0
2017-03-29,88,,2723.0,7.000000000000001
2017-03-30,89,,2729.0,0.7999999999999999
2017-03-31,90,,2734.0,0.4
2017-04-01,91,,2740.0,19.2
2017-04-02,92,,2746.0,9.6
2017-04-03,93,,2751.0,3.1999999999999997
2017-04-04,94,,2755.0,6.8
2017-04-05,95,,2760.0,83.2
2017-04-06,96,,2764.0,6.0
2017-04-07,97,,2767.0,4.4
2017-04-08,98,,2771.0,13.6
2017-04-09,99,,2775.0,0.0
2017-04-10,100,,2778.0,56.4
2017-04-11,101,,2780.0,8.2
2017-04-12,102,,2782.0,0.0
2017-04-13,103,,2785.0,0.0
2017-04-14,104,,2787.0,22.400000000000002
2017-04-15,105,,2789.0,1.0
2017-04-16,106,,2792.0,127.2
2017-04-17,107,,2795.0,2.0
2017-04-18,108,,2797.0,1.4
2017-04-19,109,,2798.0,0.0
2017-04-20,110,,2802.0,0.0
2017-04-21,111,,2806.0,82.0
2017-04-22,112,,2812.0,22.0
2017-04-23,113,,2811.0,2.6
2017-04-24,114,,2814.0,0.0
2017-04-25,115,,2817.0,4.6000000000000005
2017-04-26,116,,2820.0,0.2
2017-04-27,117,,2823.0,0.0
2017-04-28,118,,2829.0,29.8
2017-04-29,119,,2833.0,47.199999999999996
2017-04-30,120,,2838.0,1.8
2017-05-01,121,,2841.0,0.0
2017-05-02,122,,2847.0,8.6
2017-05-03,123,,2848.0,0.4
2017-05-04,124,,2852.0,0.0
2017-05-05,125,,2856.0,3.0
2017-05-06,126,,2859.0,0.0
2017-05-07,127,,2863.0,0.8
2017-05-08,128,,2867.0,8.8
2017-05-09,129,,2867.0,0.0
2017-05-10,130,,2871.0,0.0
2017-05-11,131,,2873.0,5.8
2017-05-12,132,,2876.0,7.0
2017-05-13,133,,2883.0,16.599999999999998
2017-05-14,134,,2881.0,0.0
2017-05-15,135,,2883.0,0.0
2017-05-16,136,,2885.0,4.4
2017-05-17,137,,2887.0,1.2000000000000002
2017-05-18,138,,2890.0,8.2
2017-05-19,139,,2891.0,0.0
2017-05-20,140,,2892.0,0.0
2017-05-21,141,,2894.0,0.0
2017-05-22,142,,2896.0,3.8
2017-05-23,143,,2897.0,0.0
2017-05-24,144,,2898.0,0.6000000000000001
2017-05-25,145,,2899.0,0.0
2017-05-26,146,,2899.0,0.0
2017-05-27,147,,2899.0,0.0
2017-05-28,148,,2901.0,0.0
2017-05-29,149,,2900.0,0.0
2017-05-30,150,,2903.0,20.2
2017-05-31,151,,2904.0,41.0
2017-06-01,152,,2904.0,0.0
2017-06-02,153,,2906.0,18.6
2017-06-03,154,,2906.0,9.399999999999999
2017-06-04,155,,2906.0,0.0
2017-06-05,156,,2905.0,3.8
2017-06-06,157,,2904.0,0.2
2017-06-07,158,,2904.0,0.0
2017-06-08,159,,2904.0,28.000000000000004
2017-06-09,160,,2902.0,0.0
2017-06-10,161,,2901.0,0.0
2017-06-11,162,,2900.0,0.0
2017-06-12,163,,2898.0,0.6
2017-06-13,164,,2896.0,0.0
2017-06-14,165,,2894.0,9.8
2017-06-15,166,,2892.0,0.2
2017-06-16,167,,2891.0,0.0
2017-06-17,168,,2890.0,7.4
2017-06-18,169,,2888.0,0.0
2017-06-19,170,,2886.0,0.0
2017-06-20,171,,2883.0,0.0
2017-06-21,172,,2882.0,4.6
2017-06-22,173,,2881.0,19.0
2017-06-23,174,,2880.0,24.4
2017-06-24,175,,2880.0,3.0
2017-06-25,176,,2878.0,0.0
2017-06-26,177,,2876.0,0.0
2017-06-27,178,,2873.0,0.0
2017-06-28,179,,2871.0,0.0
2017-06-29,180,,2868.0,0.0
2017-06-30,181,,2866.0,3.0
2017-07-01,182,,2867.0,30.2
2017-07-02,183,,2865.0,0.0
2017-07-03,184,,2863.0,29.2
2017-07-04,185,,2862.0,2.2
2017-07-05,186,,2860.0,2.2
2017-07-06,187,,2858.0,0.0
2017-07-07,188,,2856.0,0.0
2017-07-08,189,,2853.0,0.0
2017-07-09,190,,2860.0,0.0
2017-07-10,191,,2856.0,0.0
2017-07-11,192,,2850.0,0.0
2017-07-12,193,,2842.0,0.0
2017-07-13,194,,2839.0,0.0
2017-07-14,195,,2836.0,32.4
2017-07-15,196,,2833.0,0.2
2017-07-16,197,,2831.0,0.0
2017-07-17,198,,2828.0,0.0
2017-07-18,199,,2824.0,0.0
2017-07-19,200,,2819.0,0.0
2017-07-20,201,,2816.0,0.0
2017-07-21,202,,2812.0,0.0
2017-07-22,203,,2808.0,0.0
2017-07-23,204,,2803.0,3.8
2017-07-24,205,,2799.0,0.0
2017-07-25,206,,2796.0,0.0
2017-07-26,207,,2791.0,0.0
2017-07-27,208,,2786.0,0.0
2017-07-28,209,,2781.0,0.0
2017-07-29,210,,2775.0,0.0
2017-07-30,211,,2770.0,0.0
2017-07-31,212,,2765.0,2.0
2017-08-01,213,,2759.0,0.0
2017-08-02,214,,2752.0,0.0
2017-08-03,215,,2747.0,0.0
2017-08-04,216,,2740.0,0.0
2017-08-05,217,,2733.0,0.0
2017-08-06,218,,2727.0,0.0
2017-08-07,219,,2722.0,14.0
2017-08-08,220,,2719.0,0.0
2017-08-09,221,,2717.0,0.2
2017-08-10,222,,2714.0,0.2
2017-08-11,223,,2707.0,0.0
2017-08-12,224,,2692.0,0.0
2017-08-13,225,,2677.0,0.0
2017-08-14,226,,2658.0,0.0
2017-08-15,227,,2647.0,0.0
2017-08-16,228,,2637.0,0.0
2017-08-17,229,,2626.0,0.0
2017-08-18,230,,2615.0,0.0
2017-08-19,231,,2601.0,0.0
2017-08-20,232,,2588.0,0.0
2017-08-21,233,,2574.0,5.4
2017-08-22,234,,2559.0,0.0
2017-08-23,235,,2544.0,0.0
2017-08-24,236,,2529.0,6.8
2017-08-25,237,,2512.0,0.2
2017-08-26,238,,2495.0,0.0
2017-08-27,239,,2476.0,0.0
2017-08-28,240,,2458.0,0.0
2017-08-29,241,,2437.0,0.0
2017-08-30,242,,2416.0,0.0
2017-08-31,243,,2394.0,0.0
2017-09-01,244,,2371.0,0.0
2017-09-02,245,,2348.0,0.0
2017-09-03,246,,2323.0,0.0
2017-09-04,247,,2297.0,0.0
2017-09-05,248,,2271.0,16.0
2017-09-06,249,,2245.0,21.4
2017-09-07,250,,2222.0,0.0
2017-09-08,251,,2196.0,0.0
2017-09-09,252,,2172.0,0.0
2017-09-10,253,,2148.0,0.0
2017-09-11,254,,2124.0,0.0
2017-09-12,255,,2101.0,26.599999999999998
2017-09-13,256,,2083.0,2.8000000000000003
2017-09-14,257,,2063.0,0.0
2017-09-15,258,,2042.0,0.0
2017-09-16,259,,2023.0,2.2
2017-09-17,260,,2004.0,0.0
2017-09-18,261,,1983.0,1.2
2017-09-19,262,,1965.0,0.0
2017-09-20,263,,1947.0,0.2
2017-09-21,264,,1929.0,0.0
2017-09-22,265,,1911.0,19.8
2017-09-23,266,,1894.0,0.0
2017-09-24,267,,1877.0,0.0
2017-09-25,268,,1861.0,0.0
2017-09-26,269,,1843.0,0.2
2017-09-27,270,,1827.0,8.6
2017-09-28,271,,1816.0,2.2
2017-09-29,272,,1800.0,38.4
2017-09-30,273,,1788.0,1.2
2017-10-01,274,,1776.0,0.0
2017-10-02,275,,1765.0,0.0
2017-10-03,276,,1759.0,179.6
2017-10-04,277,,1749.0,1.5999999999999999
2017-10-05,278,,1748.0,10.0
2017-10-06,279,,1746.0,15.8
2017-10-07,280,,1748.0,6.6000000000000005
2017-10-08,281,,1749.0,43.0
2017-10-09,282,,1749.0,0.0
2017-10-10,283,,1753.0,0.6
2017-10-11,284,,1754.0,1.0
2017-10-12,285,,1754.0,2.8
2017-10-13,286,,1755.0,0.0
2017-10-14,287,,1758.0,1.6
2017-10-15,288,,1760.0,0.0
2017-10-16,289,,1762.0,0.0
2017-10-17,290,,1765.0,8.0
2017-10-18,291,,1767.0,1.4
2017-10-19,292,,1769.0,0.0
2017-10-20,293,,1770.0,1.2
2017-10-21,294,,1772.0,0.0
2017-10-22,295,,1773.0,0.0
2017-10-23,296,,1775.0,4.4
2017-10-24,297,,1775.0,6.6000000000000005
2017-10-25,298,,1776.0,0.0
2017-10-26,299,,1777.0,26.4
2017-10-27,300,,1778.0,0.0
2017-10-28,301,,1779.0,0.2
2017-10-29,302,,1779.0,0.0
2017-10-30,303,,1779.0,12.6
2017-10-31,304,,1778.0,0.0
2017-11-01,305,,1778.0,0.0
2017-11-02,306,,1779.0,0.0
2017-11-03,307,,1785.0,0.0
2017-11-04,308,,1790.0,0.0
2017-11-05,309,,1793.0,4.6
2017-11-06,310,,1798.0,7.6
2017-11-07,311,,1805.0,0.0
2017-11-08,312,,1812.0,24.200000000000003
2017-11-09,313,,1820.0,7.4
2017-11-10,314,,1826.0,43.6
2017-11-11,315,,1835.0,0.0
2017-11-12,316,,1842.0,1.6
2017-11-13,317,,1850.0,1.2000000000000002
2017-11-14,318,,1858.0,0.0
2017-11-15,319,,1864.0,15.4
2017-11-16,320,,1869.0,8.0
2017-11-17,321,,1875.0,0.0
2017-11-18,322,,1878.0,17.4
2017-11-19,323,,1883.0,0.0
2017-11-20,324,,1886.0,0.0
2017-11-21,325,,1891.0,1.0
2017-11-22,326,,1894.0,2.4
2017-11-23,327,,1897.0,17.8
2017-11-24,328,,1901.0,3.2
2017-11-25,329,,1908.0,19.8
2017-11-26,330,,1912.0,20.400000000000002
2017-11-27,331,,1916.0,0.0
2017-11-28,332,,1919.0,0.0
2017-11-29,333,,1923.0,0.4
2017-11-30,334,,1927.0,27.200000000000003
2017-12-01,335,,1929.0,0.7999999999999999
2017-12-02,336,,1931.0,1.8
2017-12-03,337,,1935.0,0.0
2017-12-04,338,,1936.0,0.0
2017-12-05,339,,1937.0,6.4
2017-12-06,340,,1941.0,1.0
2017-12-07,341,,1941.0,22.4
2017-12-08,342,,1942.0,2.8000000000000003
2017-12-09,343,,1941.0,9.0
2017-12-10,344,,1941.0,50.8
2017-12-11,345,,1943.0,33.0
2017-12-12,346,,1944.0,1.8
2017-12-13,347,,1948.0,2.6
2017-12-14,348,,1947.0,1.8
2017-12-15,349,,1950.0,0.0
2017-12-16,350,,1956.0,28.4
2017-12-17,351,,1957.0,3.4000000000000004
2017-12-18,352,,1961.0,0.6000000000000001
2017-12-19,353,,1966.0,32.4
2017-12-20,354,,1973.0,0.0
2017-12-21,355,,1978.0,7.8
2017-12-22,356,,1983.0,0.0
2017-12-23,357,,1990.0,51.6
2017-12-24,358,,1999.0,9.6
2017-12-25,359,,2007.0,61.0
2017-12-26,360,,2015.0,2.6
2017-12-27,361,,2025.0,40.400000000000006
2017-12-28,362,,2034.0,0.0
2017-12-29,363,,2045.0,30.200000000000003
2017-12-30,364,,2054.0,60.4
2017-12-31,365,,2063.0,9.2
2018-01-01,1,,2071.0,0.2
2018-01-02,2,,2079.0,1.4
2018-01-03,3,,2088.0,12.2
2018-01-04,4,,2097.0,8.8
2018-01-05,5,,2106.0,2.4
2018-01-06,6,,2113.0,0.2
2018-01-07,7,,2123.0,57.6
2018-01-08,8,,2129.0,21.4
2018-01-09,9,,2136.0,8.4
2018-01-10,10,,2142.0,3.6
2018-01-11,11,,2149.0,20.4
2018-01-12,12,,2155.0,4.2
2018-01-13,13,,2160.0,55.4
2018-01-14,14,,2166.0,3.4
2018-01-15,15,,2172.0,26.4
2018-01-16,16,,2179.0,0.0
2018-01-17,17,,2184.0,2.8000000000000003
2018-01-18,18,,2189.0,10.200000000000001
2018-01-19,19,,2195.0,0.0
2018-01-20,20,,2200.0,0.0
2018-01-21,21,,2206.0,0.2
2018-01-22,22,,2210.0,5.800000000000001
2018-01-23,23,,2216.0,31.6
2018-01-24,24,,2221.0,5.800000000000001
2018-01-25,25,,2227.0,0.2
2018-01-26,26,,2234.0,11.200000000000001
2018-01-27,27,,2238.0,0.2
2018-01-28,28,,2245.0,28.0
2018-01-29,29,,2251.0,0.0
2018-01-30,30,,2257.0,0.0
2018-01-31,31,,2263.0,4.0
2018-02-01,32,,2271.0,26.6
2018-02-02,33,,2279.0,29.8
2018-02-03,34,,2286.0,1.8
2018-02-04,35,,2292.0,0.0
2018-02-05,36,,2298.0,0.0
2018-02-06,37,,2305.0,0.0
2018-02-07,38,,2311.0,0.0
2018-02-08,39,,2317.0,0.0
2018-02-09,40,,2322.0,9.0
2018-02-10,41,,2329.0,50.0
2018-02-11,42,,2337.0,6.8
2018-02-12,43,,2344.0,11.6
2018-02-13,44,,2350.0,16.0
2018-02-14,45,,2358.0,15.200000000000001
2018-02-15,46,,2365.0,16.4
2018-02-16,47,,2377.0,1.2
2018-02-17,48,,2378.0,0.0
2018-02-18,49,,2385.0,0.0
2018-02-19,50,,2390.0,0.2
2018-02-20,51,,2395.0,0.0
2018-02-21,52,,2399.0,48.8
2018-02-22,53,,2403.0,0.2
2018-02-23,54,,2408.0,58.800000000000004
2018-02-24,55,,2413.0,1.2000000000000002
2018-02-25,56,,2416.0,0.0
2018-02-26,57,,2421.0,0.6
2018-02-27,58,,2429.0,16.4
2018-02-28,59,,2428.0,0.0
2018-03-01,60,,2432.0,0.0
2018-03-02,61,,2434.0,1.6
2018-03-03,62,,2439.0,1.4
2018-03-04,63,,2443.0,0.0
2018-03-05,64,,2444.0,5.8
2018-03-06,65,,2447.0,8.0
2018-03-07,66,,2449.0,18.0
2018-03-08,67,,2451.0,19.2
2018-03-09,68,,2452.0,0.2
2018-03-10,69,,2453.0,17.8
2018-03-11,70,,2454.0,0.6000000000000001
2018-03-12,71,,2455.0,0.0
2018-03-13,72,,2455.0,9.6
2018-03-14,73,,2454.0,0.0
2018-03-15,74,,2453.0,29.799999999999997
2018-03-16,75,,2453.0,52.4
2018-03-17,76,,2454.0,32.6
2018-03-18,77,,2455.0,7.6
2018-03-19,78,,2454.0,0.0
2018-03-20,79,,2453.0,0.4
2018-03-21,80,,2452.0,7.4
2018-03-22,81,,2450.0,1.4
2018-03-23,82,,2451.0,0.2
2018-03-24,83,,2449.0,0.0
2018-03-25,84,,2445.0,0.0
2018-03-26,85,,2445.0,0.0
2018-03-27,86,,2446.0,1.8
2018-03-28,87,,2448.0,3.2
2018-03-29,88,,2446.0,13.6
2018-03-30,89,,2444.0,0.0
2018-03-31,90,,2449.0,4.2
2018-04-01,91,,2448.0,37.2
2018-04-02,92,,2450.0,0.2
2018-04-03,93,,2453.0,11.799999999999999
2018-04-04,94,,2454.0,0.2
2018-04-05,95,,2462.0,10.8
2018-04-06,96,,2465.0,0.0
2018-04-07,97,,2469.0,4.2
2018-04-08,98,,2474.0,21.0
2018-04-09,99,,2481.0,6.2
2018-04-10,100,,2487.0,12.6
2018-04-11,101,,2497.0,0.0
2018-04-12,102,,2498.0,3.4000000000000004
2018-04-13,103,,2506.0,0.0
2018-04-14,104,,2511.0,41.0
2018-04-15,105,,2524.0,7.4
2018-04-16,106,,2526.0,1.6
2018-04-17,107,,2533.0,6.4
2018-04-18,108,,2540.0,0.0
2018-04-19,109,,2548.0,41.4
2018-04-20,110,,2555.0,23.8
2018-04-21,111,,2562.0,1.4
2018-04-22,112,,2567.0,23.0
2018-04-23,113,,2577.0,3.4
2018-04-24,114,,2583.0,0.0
2018-04-25,115,,2584.0,0.0
2018-04-26,116,,2597.0,0.0
2018-04-27,117,,2602.0,0.0
2018-04-28,118,,2608.0,10.6
2018-04-29,119,,2616.0,41.8
2018-04-30,120,,2622.0,0.4
2018-05-01,121,,2630.0,32.2
2018-05-02,122,,2636.0,0.2
2018-05-03,123,,2641.0,6.6000000000000005
2018-05-04,124,,2648.0,0.0
2018-05-05,125,,2655.0,0.4
2018-05-06,126,,2662.0,0.6000000000000001
2018-05-07,127,,2670.0,22.200000000000003
2018-05-08,128,,2675.0,0.2
2018-05-09,129,,2684.0,0.0
2018-05-10,130,,2689.0,4.199999999999999
2018-05-11,131,,2696.0,0.2
2018-05-12,132,,2704.0,41.599999999999994
2018-05-13,133,,2710.0,0.0
2018-05-14,134,,2718.0,0.4
2018-05-15,135,,2725.0,4.8
2018-05-16,136,,2731.0,5.2
2018-05-17,137,,2735.0,0.0
2018-05-18,138,,2740.0,0.0
2018-05-19,139,,2744.0,0.0
2018-05-20,140,,2750.0,132.20000000000002
2018-05-21,141,,2756.0,0.0
2018-05-22,142,,2763.0,4.4
2018-05-23,143,,2768.0,1.4
2018-05-24,144,,2772.0,0.0
2018-05-25,145,,2777.0,1.4
2018-05-26,146,,2782.0,3.4000000000000004
2018-05-27,147,,2786.0,0.0
2018-05-28,148,,2790.0,4.0
2018-05-29,149,,2794.0,13.799999999999999
2018-05-30,150,,2798.0,22.400000000000002
2018-05-31,151,,2802.0,0.2
2018-06-01,152,,2804.0,0.0
2018-06-02,153,,2805.0,0.0
2018-06-03,154,,2809.0,17.2
2018-06-04,155,,2811.0,0.0
2018-06-05,156,,2815.0,21.0
2018-06-06,157,,2817.0,2.8
2018-06-07,158,,2821.0,23.4
2018-06-08,159,,2823.0,9.6
2018-06-09,160,,2827.0,37.4
2018-06-10,161,,2828.0,0.0
2018-06-11,162,,2829.0,0.0
2018-06-12,163,,2831.0,0.0
2018-06-13,164,,2832.0,0.0
2018-06-14,165,,2832.0,0.0
2018-06-15,166,,2833.0,3.0
2018-06-16,167,,2834.0,0.0
2018-06-17,168,,2835.0,13.0
2018-06-18,169,,2838.0,11.8
2018-06-19,170,,2840.0,2.6
2018-06-20,171,,2841.0,3.0
2018-06-21,172,,2842.0,0.2
2018-06-22,173,,2842.0,9.8
2018-06-23,174,,2843.0,3.8
2018-06-24,175,,2842.0,3.8000000000000003
2018-06-25,176,,2843.0,0.0
2018-06-26,177,,2843.0,7.800000000000001
2018-06-27,178,,2843.0,0.0
2018-06-28,179,,2842.0,0.0
2018-06-29,180,,2841.0,0.0
2018-06-30,181,,2841.0,0.0
2018-07-01,182,,2840.0,0.0
2018-07-02,183,,2839.0,0.0
2018-07-03,184,,2839.0,0.0
2018-07-04,185,,2838.0,0.0
2018-07-05,186,,2837.0,0.0
2018-07-06,187,,2836.0,0.0
2018-07-07,188,,2836.0,0.0
2018-07-08,189,,2835.0,0.0
2018-07-09,190,,2834.0,0.0
2018-07-10,191,,2835.0,16.2
2018-07-11,192,,2834.0,9.2
2018-07-12,193,,2834.0,0.0
2018-07-13,194,,2834.0,0.0
2018-07-14,195,,2832.0,3.0
2018-07-15,196,,2831.0,0.2
2018-07-16,197,,2830.0,0.2
2018-07-17,198,,2829.0,0.0
2018-07-18,199,,2827.0,0.4
2018-07-19,200,,2825.0,16.4
2018-07-20,201,,2823.0,0.0
2018-07-21,202,,2820.0,0.0
2018-07-22,203,,2818.0,0.0
2018-07-23,204,,2815.0,0.0
2018-07-24,205,,2812.0,0.0
2018-07-25,206,,2808.0,0.0
2018-07-26,207,,2805.0,5.8
2018-07-27,208,,2802.0,17.2
2018-07-28,209,,2799.0,0.0
2018-07-29,210,,2795.0,0.0
2018-07-30,211,,2791.0,4.6
2018-07-31,212,,2787.0,0.4
2018-08-01,213,,2784.0,0.0
2018-08-02,214,,2779.0,0.0
2018-08-03,215,,2775.0,0.0
2018-08-04,216,,2770.0,0.0
2018-08-05,217,,2764.0,2.6
2018-08-06,218,,2759.0,0.0
2018-08-07,219,,2754.0,0.0
2018-08-08,220,,2750.0,0.0
2018-08-09,221,,2745.0,8.8
2018-08-10,222,,2739.0,0.2
2018-08-11,223,,2733.0,0.0
2018-08-12,224,,2728.0,0.0
2018-08-13,225,,2721.0,0.0
2018-08-14,226,,2715.0,0.0
2018-08-15,227,,2709.0,0.0
2018-08-16,228,,2704.0,0.0
2018-08-17,229,,2698.0,0.0
2018-08-18,230,,2690.0,0.0
2018-08-19,231,,2686.0,0.4
2018-08-20,232,,2680.0,0.0
2018-08-21,233,,2673.0,0.0
2018-08-22,234,,2666.0,0.0
2018-08-23,235,,2660.0,3.4
2018-08-24,236,,2652.0,0.2
2018-08-25,237,,2644.0,0.0
2018-08-26,238,,2635.0,56.6
2018-08-27,239,,2626.0,7.4
2018-08-28,240,,2619.0,11.2
2018-08-29,241,,2610.0,0.0
2018-08-30,242,,2602.0,0.0
2018-08-31,243,,2593.0,0.0
2018-09-01,244,,2583.0,0.0
2018-09-02,245,,2573.0,0.0
2018-09-03,246,,2563.0,0.0
2018-09-04,247,,2553.0,2.6
2018-09-05,248,,2543.0,0.0
2018-09-06,249,,2534.0,8.799999999999999
2018-09-07,250,,2524.0,11.4
2018-09-08,251,,2514.0,0.2
2018-09-09,252,,2504.0,2.0
2018-09-10,253,,2493.0,0.0
2018-09-11,254,,2484.0,0.0
2018-09-12,255,,2473.0,0.0
2018-09-13,256,,2462.0,0.0
2018-09-14,257,,2453.0,0.0
2018-09-15,258,,2443.0,0.0
2018-09-16,259,,2432.0,0.0
2018-09-17,260,,2422.0,0.0
2018-09-18,261,,2412.0,0.0
2018-09-19,262,,2401.0,1.4
2018-09-20,263,,2389.0,0.0
2018-09-21,264,,2378.0,1.0
2018-09-22,265,,2366.0,0.0
2018-09-23,266,,2353.0,0.0
2018-09-24,267,,2341.0,0.4
2018-09-25,268,,2328.0,0.0
2018-09-26,269,,2312.0,0.2
2018-09-27,270,,2297.0,1.4
2018-09-28,271,,2283.0,15.2
2018-09-29,272,,2267.0,0.2
2018-09-30,273,,2253.0,0.0
2018-10-01,274,,2235.0,0.0
2018-10-02,275,,2216.0,0.6
2018-10-03,276,,2196.0,0.2
2018-10-04,277,,2176.0,0.0
2018-10-05,278,,2154.0,0.0
2018-10-06,279,,2132.0,0.0
2018-10-07,280,,2108.0,0.0
2018-10-08,281,,2083.0,2.2
2018-10-09,282,,2055.0,0.0
2018-10-10,283,,2030.0,1.6
2018-10-11,284,,2005.0,14.8
2018-10-12,285,,1979.0,7.0
2018-10-13,286,,1958.0,0.0
2018-10-14,287,,1932.0,0.0
2018-10-15,288,,1910.0,0.0
2018-10-16,289,,1887.0,0.0
2018-10-17,290,,1863.0,1.2
2018-10-18,291,,1841.0,0.4
2018-10-19,292,,1822.0,8.0
2018-10-20,293,,1805.0,0.2
2018-10-21,294,,1788.0,4.199999999999999
2018-10-22,295,,1773.0,5.8
2018-10-23,296,,1760.0,0.4
2018-10-24,297,,1749.0,0.0
2018-10-25,298,,1739.0,0.4
2018-10-26,299,,1730.0,2.5999999999999996
2018-10-27,300,,1725.0,1.0
2018-10-28,301,,1767.0,0.0
2018-10-29,302,,1746.0,0.0
2018-10-30,303,,1729.0,11.8
2018-10-31,304,,1721.0,0.0
2018-11-01,305,,1716.0,2.8
2018-11-02,306,,1713.0,3.4
2018-11-03,307,,1711.0,0.4
2018-11-04,308,,1708.0,6.2
2018-11-05,309,,1705.0,0.0
2018-11-06,310,,1705.0,0.0
2018-11-07,311,,1705.0,0.0
2018-11-08,312,,1705.0,3.2
2018-11-09,313,,1711.0,3.8
2018-11-10,314,,1717.0,0.0
2018-11-11,315,,1720.0,0.8
2018-11-12,316,,1724.0,0.0
2018-11-13,317,,1729.0,0.0
2018-11-14,318,,1735.0,3.6
2018-11-15,319,,1740.0,34.0
2018-11-16,320,,1748.0,0.0
2018-11-17,321,,1757.0,0.0
2018-11-18,322,,1764.0,0.2
2018-11-19,323,,1770.0,0.2
2018-11-20,324,,1775.0,18.599999999999998
2018-11-21,325,,1785.0,2.1999999999999997
2018-11-22,326,,1792.0,2.8
2018-11-23,327,,1797.0,6.0
2018-11-24,328,,1808.0,0.4
2018-11-25,329,,1816.0,0.2
2018-11-26,330,,1823.0,0.0
2018-11-27,331,,1831.0,2.8
2018-11-28,332,,1844.0,8.6
2018-11-29,333,,1855.0,0.4
2018-11-30,334,,1868.0,0.0
2018-12-01,335,,1880.0,0.0
2018-12-02,336,,1891.0,0.0
2018-12-03,337,,1903.0,34.0
2018-12-04,338,,1923.0,0.0
2018-12-05,339,,1942.0,1.0
2018-12-06,340,,1956.0,7.0
2018-12-07,341,,1974.0,16.4
2018-12-08,342,,1993.0,3.8000000000000003
2018-12-09,343,,2011.0,8.200000000000001
2018-12-10,344,,2029.0,1.0
2018-12-11,345,,2047.0,5.6
2018-12-12,346,,2066.0,10.2
2018-12-13,347,,2085.0,0.4
2018-12-14,348,,2105.0,8.6
2018-12-15,349,,2121.0,5.0
2018-12-16,350,,2136.0,0.0
2018-12-17,351,,2148.0,5.4
2018-12-18,352,,2161.0,2.2
2018-12-19,353,,2173.0,24.2
2018-12-20,354,,2184.0,4.199999999999999
2018-12-21,355,,2193.0,30.2
2018-12-22,356,,2205.0,9.4
2018-12-23,357,,2215.0,0.6000000000000001
2018-12-24,358,,2224.0,0.0
2018-12-25,359,,2233.0,33.4
2018-12-26,360,,2241.0,5.2
2018-12-27,361,,2252.0,14.0
2018-12-28,362,,2260.0,32.4
2018-12-29,363,,2266.0,1.2
2018-12-30,364,,2275.0,0.4
2018-12-31,365,,2280.0,0.8
2019-01-01,1,,2289.0,25.599999999999998
2019-01-02,2,,2297.0,5.0
2019-01-03,3,,2302.0,1.0
2019-01-04,4,,2308.0,0.0
2019-01-05,5,,2315.0,15.799999999999999
2019-01-06,6,,2321.0,1.4
2019-01-07,7,,2327.0,1.2
2019-01-08,8,,2333.0,0.4
2019-01-09,9,,2339.0,6.4
2019-01-10,10,,2349.0,70.4
2019-01-11,11,,2356.0,2.2
2019-01-12,12,,2360.0,0.2
2019-01-13,13,,2363.0,13.799999999999999
2019-01-14,14,,2371.0,5.4
2019-01-15,15,,2375.0,0.0
2019-01-16,16,,2379.0,1.2
2019-01-17,17,,2383.0,0.6000000000000001
2019-01-18,18,,2387.0,0.2
2019-01-19,19,,2391.0,41.0
2019-01-20,20,,2396.0,8.2
2019-01-21,21,,2400.0,42.4
2019-01-22,22,,2406.0,14.600000000000001
2019-01-23,23,,2413.0,11.8
2019-01-24,24,,2420.0,1.4
2019-01-25,25,,2423.0,0.0
2019-01-26,26,,2426.0,4.6
2019-01-27,27,,2430.0,0.2
2019-01-28,28,,2434.0,1.8
2019-01-29,29,,2436.0,16.8
2019-01-30,30,,2442.0,11.399999999999999
2019-01-31,31,,2446.0,8.8
2019-02-01,32,,2450.0,4.8
2019-02-02,33,,2454.0,22.0
2019-02-03,34,,2457.0,0.0
2019-02-04,35,,2462.0,0.0
2019-02-05,36,,2466.0,7.0
2019-02-06,37,,2471.0,6.8
2019-02-07,38,,2474.0,41.6
2019-02-08,39,,2478.0,2.4000000000000004
2019-02-09,40,,2485.0,14.0
2019-02-10,41,,2491.0,46.0
2019-02-11,42,,2497.0,37.6
2019-02-12,43,,2501.0,6.2
2019-02-13,44,,2508.0,77.0
2019-02-14,45,,2512.0,1.8
2019-02-15,46,,2517.0,1.2
2019-02-16,47,,2521.0,0.0
2019-02-17,48,,2525.0,0.0
2019-02-18,49,,2528.0,6.2
2019-02-19,50,,2533.0,41.6
2019-02-20,51,,2537.0,20.599999999999998
2019-02-21,52,,2545.0,3.8
2019-02-22,53,,2548.0,5.0
2019-02-23,54,,2552.0,15.799999999999999
2019-02-24,55,,2558.0,0.0
2019-02-25,56,,2562.0,1.8
2019-02-26,57,,2564.0,2.4
2019-02-27,58,,2569.0,1.2000000000000002
2019-02-28,59,,2572.0,26.400000000000002
2019-03-01,60,,2575.0,0.0
2019-03-02,61,,2577.0,0.4
2019-03-03,62,,2578.0,0.0
2019-03-04,63,,2581.0,5.800000000000001
2019-03-05,64,,2582.0,0.0
2019-03-06,65,,2583.0,0.0
2019-03-07,66,,2583.0,0.0
2019-03-08,67,,2585.0,11.2
2019-03-09,68,,2586.0,0.0
2019-03-10,69,,2586.0,1.2
2019-03-11,70,,2589.0,11.4
2019-03-12,71,,2590.0,2.4000000000000004
2019-03-13,72,,2591.0,0.0
2019-03-14,73,,2593.0,0.4
2019-03-15,74,,2596.0,39.4
2019-03-16,75,,2598.0,0.6
2019-03-17,76,,2600.0,0.0
2019-03-18,77,,2601.0,0.2
2019-03-19,78,,2603.0,1.6
2019-03-20,79,,2605.0,12.8
2019-03-21,80,,2606.0,35.8
2019-03-22,81,,2609.0,2.8000000000000003
2019-03-23,82,,2611.0,19.400000000000002
2019-03-24,83,,2616.0,28.4
2019-03-25,84,,2618.0,92.2
2019-03-26,85,,2619.0,0.2
2019-03-27,86,,2621.0,0.0
2019-03-28,87,,2624.0,2.0
2019-03-29,88,,2635.0,116.6
2019-03-30,89,,2640.0,2.6
2019-03-31,90,,2641.0,0.4
2019-04-01,91,,2645.0,2.0
2019-04-02,92,,2646.0,0.6000000000000001
2019-04-03,93,,2654.0,6.8
2019-04-04,94,,2651.0,0.8
2019-04-05,95,,2653.0,0.0
2019-04-06,96,,2655.0,0.0
2019-04-07,97,,2658.0,90.8
2019-04-08,98,,2664.0,3.1999999999999997
2019-04-09,99,,2669.0,7.200000000000001
2019-04-10,100,,2671.0,0.0
2019-04-11,101,,2673.0,1.5999999999999999
2019-04-12,102,,2678.0,0.8
2019-04-13,103,,2682.0,21.6
2019-04-14,104,,2684.0,0.2
2019-04-15,105,,2695.93,60.0
2019-04-16,106,,2697.79,0.6
2019-04-17,107,,2700.64,0.2
2019-04-18,108,,2703.52,0.0
2019-04-19,109,,2709.38,0.0
2019-04-20,110,,2712.22,14.2
2019-04-21,111,,2720.08,21.000000000000004
2019-04-22,112,,2722.93,6.0
2019-04-23,113,,2726.8,10.8
2019-04-24,114,,2731.66,0.6000000000000001
2019-04-25,115,,2735.51,0.0
2019-04-26,116,,2741.38,0.0
2019-04-27,117,,2747.24,9.2
2019-04-28,118,,2752.09,0.2
2019-04-29,119,,2756.96,23.599999999999998
2019-04-30,120,,2760.82,16.400000000000002
2019-05-01,121,,2764.69,0.2
2019-05-02,122,,2770.53,46.8
2019-05-03,123,,2775.4,4.2
2019-05-04,124,,2779.26,0.0
2019-05-05,125,,2784.11,0.0
2019-05-06,126,,2787.98,0.0
2019-05-07,127,,2791.83,0.0
2019-05-08,128,,2794.73,4.8
2019-05-09,129,,2797.57,0.0
2019-05-10,130,,2804.43,8.2
2019-05-11,131,,2808.32,14.6
2019-05-12,132,,2812.18,0.0
2019-05-13,133,,2816.01,24.799999999999997
2019-05-14,134,,2820.86,18.0
2019-05-15,135,,2830.72,63.8
2019-05-16,136,,2832.65,4.6
2019-05-17,137,,2835.44,2.8000000000000003
2019-05-18,138,,2840.31,31.0
2019-05-19,139,,2846.16,3.0
2019-05-20,140,,2853.01,12.6
2019-05-21,141,,2856.89,0.2
2019-05-22,142,,2862.77,4.8
2019-05-23,143,,2867.6,0.2
2019-05-24,144,,2871.5,0.0
2019-05-25,145,,2876.33,0.0
2019-05-26,146,,2881.19,0.0
2019-05-27,147,,2885.05,1.7999999999999998
2019-05-28,148,,2888.92,0.0
2019-05-29,149,,2893.77,5.4
2019-05-30,150,,2898.62,37.4
2019-05-31,151,,2902.52,7.6
2019-06-01,152,,2905.35,51.4
2019-06-02,153,,2909.21,0.0
2019-06-03,154,,2912.06,0.7999999999999999
2019-06-04,155,,2914.93,1.0
2019-06-05,156,,2917.78,6.799999999999999
2019-06-06,157,,2920.66,11.0
2019-06-07,158,,2922.52,0.0
2019-06-08,159,,2926.38,26.8
2019-06-09,160,,2928.26,7.800000000000001
2019-06-10,161,,2930.1,0.2
2019-06-11,162,,2931.96,0.4
2019-06-12,163,,2933.82,0.0
2019-06-13,164,,2936.67,0.0
2019-06-14,165,,2936.54,0.0
2019-06-15,166,,2938.41,7.6000000000000005
2019-06-16,167,,2939.28,10.399999999999999
2019-06-17,168,,2940.12,0.0
2019-06-18,169,,2941.0,0.0
2019-06-19,170,,2941.0,0.4
2019-06-20,171,,2941.0,0.0
2019-06-21,172,,2941.0,0.0
2019-06-22,173,,2943.0,12.8
2019-06-23,174,,2942.0,1.0
2019-06-24,175,,2942.0,0.0
2019-06-25,176,,2942.0,0.0
2019-06-26,177,,2941.0,0.0
2019-06-27,178,,2938.0,0.0
2019-06-28,179,,2937.0,3.4
2019-06-29,180,,2935.0,0.0
2019-06-30,181,,2934.0,0.0
2019-07-01,182,,2932.0,0.0
2019-07-02,183,,2931.0,19.2
2019-07-03,184,,2928.0,4.0
2019-07-04,185,,2927.0,3.8
2019-07-05,186,,2925.0,0.2
2019-07-06,187,,2924.0,0.0
2019-07-07,188,,2921.0,5.8
2019-07-08,189,,2918.0,0.0
2019-07-09,190,,2919.0,43.199999999999996
2019-07-10,191,,2916.0,2.8
2019-07-11,192,,2914.0,44.6
2019-07-12,193,,2911.0,0.0
2019-07-13,194,,2908.0,0.0
2019-07-14,195,,2906.0,0.0
2019-07-15,196,,2903.0,0.0
2019-07-16,197,,2900.0,0.0
2019-07-17,198,,2897.0,73.0
2019-07-18,199,,2894.0,1.2000000000000002
2019-07-19,200,,2891.0,1.2
2019-07-20,201,,2888.0,0.0
2019-07-21,202,,2885.0,0.0
2019-07-22,203,,2880.0,0.0
2019-07-23,204,,2876.0,0.4
2019-07-24,205,,2871.0,0.0
2019-07-25,206,,2867.0,0.0
2019-07-26,207,,2863.0,0.0
2019-07-27,208,,2857.0,9.600000000000001
2019-07-28,209,,2853.0,12.4
2019-07-29,210,,2848.0,0.0
2019-07-30,211,,2844.0,0.4
2019-07-31,212,,2838.0,0.0
2019-08-01,213,,2833.0,0.0
2019-08-02,214,,2827.0,1.2
2019-08-03,215,,2822.0,0.0
2019-08-04,216,,2816.0,99.0
2019-08-05,217,,2809.0,2.8000000000000003
2019-08-06,218,,2804.0,5.6000000000000005
2019-08-07,219,,2799.0,0.2
2019-08-08,220,,2793.0,0.4
2019-08-09,221,,2787.0,0.2
2019-08-10,222,,2782.0,0.0
2019-08-11,223,,2777.0,0.2
2019-08-12,224,,2771.0,1.2
2019-08-13,225,,2766.0,0.0
2019-08-14,226,,2760.0,0.0
2019-08-15,227,,2754.0,0.0
2019-08-16,228,,2749.0,0.0
2019-08-17,229,,2743.0,22.799999999999997
2019-08-18,230,,2738.0,5.2
2019-08-19,231,,2732.0,0.0
2019-08-20,232,,2725.0,0.0
2019-08-21,233,,2719.0,2.0
2019-08-22,234,,2716.0,0.2
2019-08-23,235,,2714.0,0.0
2019-08-24,236,,2707.0,0.0
2019-08-25,237,,2700.0,0.0
2019-08-26,238,,2692.0,0.0
2019-08-27,239,,2683.0,0.0
2019-08-28,240,,2672.0,65.4
2019-08-29,241,,2662.0,0.0
2019-08-30,242,,2652.0,0.0
2019-08-31,243,,2644.0,0.0
2019-09-01,244,,2634.0,0.0
2019-09-02,245,,2625.0,1.2
2019-09-03,246,,2616.0,0.0
2019-09-04,247,,2607.0,0.0
2019-09-05,248,,2598.0,0.0
2019-09-06,249,,2588.0,0.0
2019-09-07,250,,2576.0,2.4
2019-09-08,251,,2565.0,2.6
2019-09-09,252,,2553.0,0.0
2019-09-10,253,,2539.0,0.0
2019-09-11,254,,2527.0,0.0
2019-09-12,255,,2513.0,3.2
2019-09-13,256,,2498.0,0.0
2019-09-14,257,,2482.0,0.0
2019-09-15,258,,2466.0,0.0
2019-09-16,259,,2451.0,26.0
2019-09-17,260,,2433.0,48.6
2019-09-18,261,,2414.0,0.2
2019-09-19,262,,2395.0,0.0
2019-09-20,263,,2376.0,0.0
2019-09-21,264,,2355.0,0.0
2019-09-22,265,,2334.0,54.0
2019-09-23,266,,2310.0,0.0
2019-09-24,267,,2288.0,0.0
2019-09-25,268,,2267.0,0.0
2019-09-26,269,,2246.0,0.0
2019-09-27,270,,2224.0,0.0
2019-09-28,271,,2201.0,54.6
2019-09-29,272,,2178.0,0.4
2019-09-30,273,,2154.0,0.0
2019-10-01,274,,2129.0,2.8
2019-10-02,275,,2104.0,0.0
2019-10-03,276,,2080.0,64.0
2019-10-04,277,,2061.0,48.6
2019-10-05,278,,2040.0,16.0
2019-10-06,279,,2023.0,5.0
2019-10-07,280,,2007.0,8.6
2019-10-08,281,,1984.0,2.2
2019-10-09,282,,1962.0,0.0
2019-10-10,283,,1945.0,6.6
2019-10-11,284,,1931.0,12.0
2019-10-12,285,,1917.0,3.4
2019-10-13,286,,1905.0,10.6
2019-10-14,287,,1891.0,21.2
2019-10-15,288,,1883.0,21.0
2019-10-16,289,,1874.0,3.0
2019-10-17,290,,1866.0,2.2
2019-10-18,291,,1854.0,2.8000000000000003
2019-10-19,292,,1845.0,4.2
2019-10-20,293,,1837.0,1.2000000000000002
2019-10-21,294,,1829.0,1.0
2019-10-22,295,,1822.0,26.2
2019-10-23,296,,1820.0,0.2
2019-10-24,297,,1820.0,0.0
2019-10-25,298,,1822.0,15.0
2019-10-26,299,,1826.0,3.8000000000000003
2019-10-27,300,,1831.0,0.6000000000000001
2019-10-28,301,,1835.0,0.6000000000000001
2019-10-29,302,,1839.0,1.0
2019-10-30,303,,1846.0,21.8
2019-10-31,304,,1852.0,0.0
2019-11-01,305,,1857.0,4.2
2019-11-02,306,,1863.0,0.6000000000000001
2019-11-03,307,,1868.0,0.2
2019-11-04,308,,1872.0,0.2
2019-11-05,309,,1878.0,0.0
2019-11-06,310,,1882.0,0.0
2019-11-07,311,,1887.0,0.0
2019-11-08,312,,1891.0,32.0
2019-11-09,313,,1895.0,13.6
2019-11-10,314,,1898.0,0.0
2019-11-11,315,,1901.0,0.6000000000000001
2019-11-12,316,,1907.0,0.4
2019-11-13,317,,1916.0,5.7
2019-11-14,318,,1920.0,14.2
2019-11-15,319,,1924.0,3.4
2019-11-16,320,,1928.0,4.4
2019-11-17,321,,1933.0,0.0
2019-11-18,322,,1939.0,69.4
2019-11-19,323,,1943.0,13.0
2019-11-20,324,,1950.0,0.2
2019-11-21,325,,1957.0,2.8
2019-11-22,326,,1964.0,0.0
2019-11-23,327,,1972.0,0.0
2019-11-24,328,,1980.0,0.0
2019-11-25,329,,1991.0,0.0
2019-11-26,330,,2001.0,3.8
2019-11-27,331,,2012.0,5.0
2019-11-28,332,,2023.0,0.0
2019-11-29,333,,2035.0,5.0
2019-11-30,334,,2044.0,0.2
2019-12-01,335,,2056.0,0.0
2019-12-02,336,,2065.0,0.0
2019-12-03,337,,2077.0,0.0
2019-12-04,338,,2090.0,0.0
2019-12-05,339,,2101.0,0.0
2019-12-06,340,,2114.0,5.4
2019-12-07,341,,2118.0,1.8
2019-12-08,342,,2122.0,25.0
2019-12-09,343,,2127.0,0.0
2019-12-10,344,,2131.0,0.0
2019-12-11,345,,2134.0,0.0
2019-12-12,346,,2138.0,3.6
2019-12-13,347,,2142.0,0.2
2019-12-14,348,,2145.0,10.8
2019-12-15,349,,2148.0,37.8
2019-12-16,350,,2152.0,7.4
2019-12-17,351,,2155.0,0.0
2019-12-18,352,,2160.0,0.0
2019-12-19,353,,2167.0,21.2
2019-12-20,354,,2175.0,0.0
2019-12-21,355,,2182.0,0.0
2019-12-22,356,,2193.0,30.6
2019-12-23,357,24382.8,2203.0,2.4
2019-12-24,358,24554.9,2214.0,0.8
2019-12-25,359,24696.1,2223.0,0.6000000000000001
2019-12-26,360,24853.5,2233.0,0.2
2019-12-27,361,24995.6,2242.0,0.4
2019-12-28,362,25106.4,2249.0,0.2
2019-12-29,363,25281.0,2260.0,0.4
2019-12-30,364,25408.4,2268.0,0.4
2019-12-31,365,25568.0,2278.0,0.4
2020-01-01,1,,2287.0,0.8
2020-01-02,2,,2295.0,5.0
2020-01-03,3,,2306.0,3.4000000000000004
2020-01-04,4,,2312.0,1.2000000000000002
2020-01-05,5,,2318.0,0.8
2020-01-06,6,,2325.0,0.0
2020-01-07,7,,2332.0,4.2
2020-01-08,8,,2341.0,7.0
2020-01-09,9,,2347.0,0.6000000000000001
2020-01-10,10,,2355.0,5.0
2020-01-11,11,,2360.0,3.6
2020-01-12,12,,2366.0,0.8
2020-01-13,13,,2370.0,0.8
2020-01-14,14,,2378.0,0.8
2020-01-15,15,,2386.0,1.8
2020-01-16,16,,2395.0,0.8
2020-01-17,17,,2406.0,1.2000000000000002
2020-01-18,18,,2409.0,4.6000000000000005
2020-01-19,19,,2412.0,6.4
2020-01-20,20,,2416.0,6.4
2020-01-21,21,,2420.0,40.6
2020-01-22,22,,2426.0,6.6000000000000005
2020-01-23,23,,2432.0,0.2
2020-01-24,24,,2436.0,1.4
2020-01-25,25,,2440.0,40.2
2020-01-26,26,,2443.0,1.8
2020-01-27,27,,2446.0,0.0
2020-01-28,28,,2451.0,33.0
2020-01-29,29,,2453.0,13.0
2020-01-30,30,,2454.0,0.2
2020-01-31,31,,2455.0,0.8
2020-02-01,32,,2456.0,1.6
2020-02-02,33,,2457.0,0.0
2020-02-03,34,,2459.0,0.0
2020-02-04,35,,2460.0,0.2
2020-02-05,36,,2461.0,0.2
2020-02-06,37,,2462.0,1.0
2020-02-07,38,,2462.0,0.0
2020-02-08,39,,2462.0,0.0
2020-02-09,40,,2461.0,0.0
2020-02-10,41,,2459.0,1.7999999999999998
2020-02-11,42,,2456.0,2.2
2020-02-12,43,,2454.0,11.200000000000001
2020-02-13,44,,2454.0,9.2
2020-02-14,45,,2455.0,2.8
2020-02-15,46,,2456.0,0.0
2020-02-16,47,,2458.0,3.8000000000000003
2020-02-17,48,,2460.0,48.4
2020-02-18,49,,2461.0,3.6
2020-02-19,50,,2461.0,0.0
2020-02-20,51,,2461.0,0.6000000000000001
2020-02-21,52,,2459.0,0.2
2020-02-22,53,,2457.0,25.6
2020-02-23,54,,2455.0,0.0
2020-02-24,55,,2454.0,7.8
2020-02-25,56,,2453.0,13.6
2020-02-26,57,,2452.0,2.4
2020-02-27,58,,2452.0,42.4
2020-02-28,59,,2454.0,11.8
2020-02-29,60,,2455.0,3.0
2020-03-01,61,,2455.0,4.0
2020-03-02,62,,2455.0,36.0
2020-03-03,63,,2456.0,9.399999999999999
2020-03-04,64,,2458.0,1.4
2020-03-05,65,,2460.0,17.599999999999998
2020-03-06,66,,2460.0,2.2
2020-03-07,67,,2460.0,0.0
2020-03-08,68,,2461.0,0.0
2020-03-09,69,,2463.0,4.2
2020-03-10,70,,2465.0,0.0
2020-03-11,71,,2467.0,0.0
2020-03-12,72,,2468.0,0.0
2020-03-13,73,,2469.0,0.0
2020-03-14,74,,2471.0,81.8
2020-03-15,75,,2474.0,0.0
2020-03-16,76,,2477.0,0.4
2020-03-17,77,,2480.0,0.0
2020-03-18,78,,2484.0,0.0
2020-03-19,79,,2487.0,33.6
2020-03-20,80,,2492.0,0.4
2020-03-21,81,,2496.0,5.0
2020-03-22,82,,2500.0,0.0
2020-03-23,83,,2507.0,154.0
2020-03-24,84,,2508.0,0.0
2020-03-25,85,,2510.0,0.0
2020-03-26,86,,2512.0,0.6000000000000001
2020-03-27,87,,2513.0,0.6000000000000001
2020-03-28,88,,2514.0,1.2000000000000002
2020-03-29,89,,2516.0,0.8
2020-03-30,90,,2519.0,28.799999999999997
2020-03-31,91,,2525.0,40.8
2020-04-01,92,,2527.0,0.0
2020-04-02,93,,2534.0,0.0
2020-04-03,94,,2539.0,0.0
2020-04-04,95,,2541.0,1.8
2020-04-05,96,,2541.0,0.7999999999999999
2020-04-06,97,,2541.0,3.6
2020-04-07,98,,2542.0,2.4
2020-04-08,99,,2546.0,12.4
2020-04-09,100,,2551.0,9.2
2020-04-10,101,,2555.0,0.0
2020-04-11,102,,2563.0,78.8
2020-04-12,103,,2567.0,0.0
2020-04-13,104,,2573.0,1.8
2020-04-14,105,,2579.0,7.2
2020-04-15,106,,2583.0,0.0
2020-04-16,107,,2591.0,2.2
2020-04-17,108,,2596.0,0.0
2020-04-18,109,,2603.0,3.0
2020-04-19,110,,2610.0,0.0
2020-04-20,111,,2614.0,0.6000000000000001
2020-04-21,112,,2620.0,0.0
2020-04-22,113,,2625.0,0.0
2020-04-23,114,,2631.0,0.0
2020-04-24,115,,2636.0,0.0
2020-04-25,116,,2642.0,0.0
2020-04-26,117,,2649.0,0.0
2020-04-27,118,,2656.0,0.0
2020-04-28,119,,2663.0,0.0
2020-04-29,120,,2668.0,0.0
2020-04-30,121,,2672.0,0.0
2020-05-01,122,,2677.0,0.0
2020-05-02,123,,2682.0,0.0
2020-05-03,124,,2688.0,0.0
2020-05-04,125,,2695.0,0.0
2020-05-05,126,,2703.0,0.0
2020-05-06,127,,2708.0,0.0
2020-05-07,128,,2712.0,0.0
2020-05-08,129,,2719.0,0.0
2020-05-09,130,,2724.0,0.0
2020-05-10,131,,2728.0,0.0
2020-05-11,132,,2732.0,0.0
2020-05-12,133,,2736.0,0.0
2020-05-13,134,,2742.0,0.0
2020-05-14,135,,2747.0,0.0
2020-05-15,136,,2753.0,0.0
2020-05-16,137,,2759.0,0.0
2020-05-17,138,,2764.0,0.0
2020-05-18,139,,2768.0,0.0
2020-05-19,140,,2773.0,0.0
2020-05-20,141,,2779.0,0.0
2020-05-21,142,,2783.0,0.0
2020-05-22,143,,2787.0,0.0
2020-05-23,144,,2792.0,0.0
2020-05-24,145,,2797.0,0.0
2020-05-25,146,,2803.0,0.0
2020-05-26,147,,2807.0,0.0
2020-05-27,148,,2811.0,0.0
2020-05-28,149,,2817.0,0.0
2020-05-29,150,,2820.0,0.0
2020-05-30,151,,2823.0,0.0
2020-05-31,152,,2826.0,0.0
2020-06-01,153,,2828.0,0.0
2020-06-02,154,,2831.0,0.0
2020-06-03,155,,2833.0,0.0
2020-06-04,156,,2835.0,0.0
2020-06-05,157,,2838.0,0.0
2020-06-06,158,,2841.0,0.0
2020-06-07,159,,2844.0,0.0
2020-06-08,160,,2846.0,0.0
2020-06-09,161,,2847.0,0.0
2020-06-10,162,,2848.0,0.0
2020-06-11,163,,2849.0,0.0
2020-06-12,164,,2849.0,0.0
2020-06-13,165,,2849.0,0.0
2020-06-14,166,,2850.0,0.0
2020-06-15,167,,2851.0,0.0
2020-06-16,168,,2851.0,0.0
2020-06-17,169,,2851.0,0.0
2020-06-18,170,,2852.0,0.0
2020-06-19,171,,2852.0,0.0
2020-06-20,172,,2852.0,0.0
2020-06-21,173,,2851.0,0.0
2020-06-22,174,,2849.0,0.0
2020-06-23,175,,2849.0,0.0
2020-06-24,176,,2846.0,0.0
2020-06-25,177,,2845.0,0.0
2020-06-26,178,,2844.0,0.0
2020-06-27,179,,2843.0,0.0
2020-06-28,180,,2842.0,0.0
2020-06-29,181,,2840.0,0.0
2020-06-30,182,,2839.0,0.0
2020-07-01,183,,2838.0,0.0
2020-07-02,184,,2837.0,0.0
2020-07-03,185,,2835.0,0.0
2020-07-04,186,,2833.0,0.0
2020-07-05,187,,2832.0,0.0
2020-07-06,188,,2832.0,0.0
2020-07-07,189,,2832.0,0.0
2020-07-08,190,,2831.0,0.0
2020-07-09,191,,2830.0,0.0
2020-07-10,192,,2828.0,0.0
2020-07-11,193,,2826.0,0.0
2020-07-12,194,,2825.0,0.0
2020-07-13,195,,2824.0,0.0
2020-07-14,196,,2823.0,0.0
2020-07-15,197,,2820.0,0.0
2020-07-16,198,,2817.0,0.0
2020-07-17,199,,2815.0,0.0
2020-07-18,200,,2812.0,0.0
2020-07-19,201,,2809.0,0.0
2020-07-20,202,,2805.0,0.0
2020-07-21,203,,2801.0,0.0
2020-07-22,204,,2798.0,0.0
2020-07-23,205,,2794.0,0.0
2020-07-24,206,,2790.0,0.0
2020-07-25,207,,2786.0,0.0
2020-07-26,208,,2782.0,0.0
2020-07-27,209,,2777.0,0.0
2020-07-28,210,,2772.0,0.0
2020-07-29,211,,2767.0,0.0
2020-07-30,212,,2760.0,0.0
2020-07-31,213,,2754.0,0.0
2020-08-01,214,,2749.0,0.0
2020-08-02,215,,2743.0,0.0
2020-08-03,216,,2737.0,0.0
2020-08-04,217,,2730.0,0.0
2020-08-05,218,,2725.0,0.0
2020-08-06,219,,2720.0,0.0
2020-08-07,220,,2715.0,0.0
2020-08-08,221,,2709.0,0.0
2020-08-09,222,,2703.0,0.0
2020-08-10,223,,2696.0,0.0
2020-08-11,224,,2689.0,0.0
2020-08-12,225,,2684.0,0.0
2020-08-13,226,,2677.0,0.0
2020-08-14,227,,2667.0,0.0
2020-08-15,228,,2660.0,0.0
2020-08-16,229,,2653.0,0.0
2020-08-17,230,,2645.0,0.0
2020-08-18,231,,2635.0,0.0
2020-08-19,232,,2625.0,0.0
2020-08-20,233,,2616.0,0.6000000000000001
2020-08-21,234,,2607.0,0.0
2020-08-22,235,,2596.0,0.0
2020-08-23,236,,2586.0,0.0
2020-08-24,237,,2576.0,0.0
2020-08-25,238,,2565.0,8.6
2020-08-26,239,,2553.0,0.0
2020-08-27,240,,2543.0,0.0
2020-08-28,241,,2528.0,0.0
2020-08-29,242,,2515.0,6.3999999999999995
2020-08-30,243,,2502.0,0.0
2020-08-31,244,,2487.0,0.0
2020-09-01,245,,2472.0,2.6
2020-09-02,246,,2454.0,0.0
2020-09-03,247,,2439.0,1.0
2020-09-04,248,,2422.0,0.0
2020-09-05,249,,2403.0,0.0
2020-09-06,250,,2384.0,0.0
2020-09-07,251,,2363.0,7.4
2020-09-08,252,,2342.0,0.0
2020-09-09,253,,2318.0,0.0
2020-09-10,254,,2300.0,16.0
2020-09-11,255,,2277.0,3.8
2020-09-12,256,,2255.0,0.2
2020-09-13,257,,2234.0,63.400000000000006
2020-09-14,258,,2209.0,0.0
2020-09-15,259,,2185.0,1.4
2020-09-16,260,,2158.0,0.0
2020-09-17,261,,2131.0,4.4
2020-09-18,262,,2108.0,0.0
2020-09-19,263,,2083.0,0.0
2020-09-20,264,,2057.0,0.0
2020-09-21,265,,2034.0,1.4
2020-09-22,266,,2006.0,62.0
2020-09-23,267,,1981.0,0.0
2020-09-24,268,,1959.0,0.0
2020-09-25,269,,1935.0,22.0
2020-09-26,270,,1912.0,80.8
2020-09-27,271,,1894.0,0.0
2020-09-28,272,,1873.0,4.0
2020-09-29,273,,1853.0,7.0
2020-09-30,274,,1833.0,0.0
2020-10-01,275,,1816.0,0.0
2020-10-02,276,,1797.0,0.6000000000000001
2020-10-03,277,,1781.0,0.0
2020-10-04,278,,1766.0,7.3999999999999995
2020-10-05,279,,1751.0,0.0
2020-10-06,280,,1737.0,25.8
2020-10-07,281,,1728.0,0.0
2020-10-08,282,,1721.0,0.0
2020-10-09,283,,1715.0,4.2
2020-10-10,284,,1709.0,1.5999999999999999
2020-10-11,285,,1704.0,1.5999999999999999
2020-10-12,286,,1701.0,14.6
2020-10-13,287,,1699.0,58.8
2020-10-14,288,,1698.0,0.2
2020-10-15,289,,1697.0,0.4
2020-10-16,290,,1697.0,0.4
2020-10-17,291,,1698.0,1.2
2020-10-18,292,,1700.0,0.0
2020-10-19,293,,1702.0,4.0
2020-10-20,294,,1703.0,0.0
2020-10-21,295,,1705.0,4.6000000000000005
2020-10-22,296,,1708.0,0.0
2020-10-23,297,,1709.0,8.6
2020-10-24,298,,1707.0,19.2
2020-10-25,299,,1705.0,0.0
2020-10-26,300,,1702.0,7.6
2020-10-27,301,,1698.0,8.6
2020-10-28,302,,1694.0,0.0
2020-10-29,303,,1689.0,6.6000000000000005
2020-10-30,304,,1685.0,5.4
2020-10-31,305,,1681.0,0.0
2020-11-01,306,,1677.0,39.400000000000006
2020-11-02,307,,1672.0,0.0
2020-11-03,308,,1666.0,0.0
2020-11-04,309,,1662.0,41.8
2020-11-05,310,,1661.0,0.0
2020-11-06,311,,1660.0,0.0
2020-11-07,312,,1660.0,0.0
2020-11-08,313,,1661.0,69.4
2020-11-09,314,,1663.0,14.4
2020-11-10,315,,1665.0,0.2
2020-11-11,316,,1666.0,10.200000000000001
2020-11-12,317,,1667.0,7.8
2020-11-13,318,,1669.0,6.3999999999999995
2020-11-14,319,,1671.0,1.4
2020-11-15,320,,1674.0,22.0
2020-11-16,321,,1677.0,2.4000000000000004
2020-11-17,322,,1681.0,26.8
2020-11-18,323,,1686.0,0.0
2020-11-19,324,,1692.0,0.0
2020-11-20,325,,1698.0,0.0
2020-11-21,326,,1703.0,17.2
2020-11-22,327,,1708.0,0.8
2020-11-23,328,,1714.0,1.2
2020-11-24,329,,1718.0,59.0
2020-11-25,330,,1725.0,24.2
2020-11-26,331,,1729.0,20.799999999999997
2020-11-27,332,,1734.0,0.0
2020-11-28,333,,1739.0,0.0
2020-11-29,334,,1745.0,23.0
2020-11-30,335,,1751.0,41.0
2020-12-01,336,,1760.0,0.0
2020-12-02,337,,1767.0,0.4
2020-12-03,338,,1776.0,9.0
2020-12-04,339,,1786.0,0.2
2020-12-05,340,,1797.0,0.0
2020-12-06,341,,1808.0,16.2
2020-12-07,342,,1818.0,20.2
2020-12-08,343,,1836.0,40.0
2020-12-09,344,,1847.0,1.2
2020-12-10,345,,1860.0,2.2
2020-12-11,346,,1872.0,2.8
2020-12-12,347,,1883.0,0.0
2020-12-13,348,,1893.0,0.0
2020-12-14,349,,1905.0,9.600000000000001
2020-12-15,350,,1918.0,24.8
2020-12-16,351,,1930.0,1.8
2020-12-17,352,,1941.0,0.0
2020-12-18,353,,1953.0,2.0
2020-12-19,354,,1967.0,4.0
2020-12-20,355,,1981.0,0.0
2020-12-21,356,,1994.0,13.0
2020-12-22,357,,2006.0,3.0
2020-12-23,358,,2018.0,1.4
2020-12-24,359,,2029.0,0.0
2020-12-25,360,,2041.0,24.0
2020-12-26,361,,2052.0,10.0
2020-12-27,362,,2062.0,0.8
2020-12-28,363,,2072.0,0.2
2020-12-29,364,,2085.0,13.8
2020-12-30,365,,2102.0,50.8
2020-12-31,366,,2115.0,0.0
2021-01-01,1,,2129.0,0.0
2021-01-02,2,,2141.0,0.0
2021-01-03,3,,2154.0,6.6000000000000005
2021-01-04,4,,2168.0,8.6
2021-01-05,5,,2180.0,7.0
2021-01-06,6,,2192.0,6.8
2021-01-07,7,,2204.0,2.8000000000000003
2021-01-08,8,,2219.0,39.8
2021-01-09,9,,2230.0,16.0
2021-01-10,10,,2241.0,19.2
2021-01-11,11,,2253.0,0.0
2021-01-12,12,,2263.0,0.0
2021-01-13,13,,2274.0,26.4
2021-01-14,14,,2283.0,43.2
2021-01-15,15,,2294.0,4.8
2021-01-16,16,,2304.0,9.8
2021-01-17,17,,2313.0,0.0
2021-01-18,18,,2323.0,68.8
2021-01-19,19,,2333.0,2.6
2021-01-20,20,,2351.0,51.8
2021-01-21,21,,2362.0,0.6000000000000001
2021-01-22,22,,2372.0,0.4
2021-01-23,23,,2381.0,0.0
2021-01-24,24,,2388.0,0.0
2021-01-25,25,,2399.0,6.0
2021-01-26,26,,2407.0,31.200000000000003
2021-01-27,27,,2414.0,2.6
2021-01-28,28,,2425.0,35.8
2021-01-29,29,,2432.0,7.6
2021-01-30,30,,2439.0,6.6
2021-01-31,31,,2443.0,0.0
2021-02-01,32,,2449.0,3.6
2021-02-02,33,,2457.0,4.8
2021-02-03,34,,2464.0,0.4
2021-02-04,35,,2468.0,0.0
2021-02-05,36,,2473.0,0.0
2021-02-06,37,,2478.0,10.399999999999999
2021-02-07,38,,2482.0,0.0
2021-02-08,39,,2487.0,24.6
2021-02-09,40,,2491.0,6.0
2021-02-10,41,,2497.0,19.8
2021-02-11,42,,2500.0,21.4
2021-02-12,43,,2506.0,3.6
2021-02-13,44,,2512.0,68.2
2021-02-14,45,,2521.0,58.6
2021-02-15,46,,2526.0,4.4
2021-02-16,47,,2535.0,0.0
2021-02-17,48,,2539.0,53.4
2021-02-18,49,,2540.0,0.0
2021-02-19,50,,2542.0,0.0
2021-02-20,51,,2548.0,85.8
2021-02-21,52,,2551.0,0.0
2021-02-22,53,,2556.0,0.0
2021-02-23,54,,2559.0,0.0
2021-02-24,55,,2563.0,21.0
2021-02-25,56,,2565.0,16.6
2021-02-26,57,,2569.0,0.4
2021-02-27,58,,2573.0,3.0
2021-02-28,59,,2576.0,36.4
2021-03-01,60,,2579.0,8.6
2021-03-02,61,,2581.0,59.0
2021-03-03,62,,2584.0,23.0
2021-03-04,63,,2588.0,1.0
2021-03-05,64,,2591.0,0.0
2021-03-06,65,,2594.0,56.400000000000006
2021-03-07,66,,2598.0,2.0
2021-03-08,67,,2602.0,18.4
2021-03-09,68,,2604.0,59.6
2021-03-10,69,,2610.0,32.8
2021-03-11,70,,2615.0,3.6
2021-03-12,71,,2620.0,0.2
2021-03-13,72,,2627.0,19.4
2021-03-14,73,,2632.0,16.6
2021-03-15,74,,2638.0,3.0
2021-03-16,75,,2641.0,0.0
2021-03-17,76,,2646.0,0.0
2021-03-18,77,,2653.0,29.2
2021-03-19,78,,2658.0,0.7999999999999999
2021-03-20,79,,2663.0,48.6
2021-03-21,80,,2668.0,0.6000000000000001
2021-03-22,81,,2674.0,0.0
2021-03-23,82,,2681.0,25.799999999999997
2021-03-24,83,,2690.0,102.0
2021-03-25,84,,2695.0,0.0
2021-03-26,85,,2699.0,0.0
2021-03-27,86,,2704.0,7.2
2021-03-28,87,,2711.0,18.0
2021-03-29,88,,2717.0,1.0
2021-03-30,89,,2723.0,39.2
2021-03-31,90,,2729.0,30.8
2021-04-01,91,,2735.0,5.800000000000001
2021-04-02,92,,2740.0,0.0
2021-04-03,93,,2745.0,0.0
2021-04-04,94,,2750.0,0.0
2021-04-05,95,,2757.0,3.4
2021-04-06,96,,2761.0,0.0
2021-04-07,97,,2766.0,15.4
2021-04-08,98,,2771.0,0.2
2021-04-09,99,,2776.0,1.4000000000000001
2021-04-10,100,,2781.0,1.0
2021-04-11,101,,2788.0,0.6000000000000001
2021-04-12,102,,2792.0,0.4
2021-04-13,103,,2798.0,1.6
2021-04-14,104,,2805.0,13.4
2021-04-15,105,,2811.0,0.2
2021-04-16,106,,2817.0,0.0
2021-04-17,107,,2825.0,0.0
2021-04-18,108,,2833.0,1.6
2021-04-19,109,,2839.0,22.0
2021-04-20,110,,2844.0,35.6
2021-04-21,111,,2850.0,0.0
2021-04-22,112,,2857.0,0.6000000000000001
2021-04-23,113,,2862.0,0.4
2021-04-24,114,,2868.0,0.0
2021-04-25,115,,2873.0,0.0
2021-04-26,116,,2884.0,5.2
2021-04-27,117,,2889.0,0.0
2021-04-28,118,,2895.0,3.0
2021-04-29,119,,2901.0,0.0
2021-04-30,120,,2904.0,0.0
2021-05-01,121,,2909.0,7.2
2021-05-02,122,,2914.0,24.200000000000003
2021-05-03,123,,2920.0,5.3999999999999995
2021-05-04,124,,2924.0,3.2
2021-05-05,125,,2929.0,0.2
2021-05-06,126,,2931.0,1.6
2021-05-07,127,,2937.0,0.6000000000000001
2021-05-08,128,,2939.0,0.2
2021-05-09,129,,2947.0,32.4
2021-05-10,130,,2951.0,2.8
2021-05-11,131,,2955.0,0.8
2021-05-12,132,,2958.0,10.8
2021-05-13,133,,2962.0,19.8
2021-05-14,134,,2966.0,0.2
2021-05-15,135,,2968.0,0.4
2021-05-16,136,,2970.0,0.0
2021-05-17,137,,2973.0,0.0
2021-05-18,138,,2976.0,17.8
2021-05-19,139,,2981.0,0.2
2021-05-20,140,,2984.0,0.0
2021-05-21,141,,2986.0,0.0
2021-05-22,142,,2987.0,1.4000000000000001
2021-05-23,143,,2988.0,0.0
2021-05-24,144,,2989.0,0.0
2021-05-25,145,,2991.0,0.4
2021-05-26,146,,2992.0,0.2
2021-05-27,147,,2993.0,0.0
2021-05-28,148,,2995.0,0.0
2021-05-29,149,,2996.0,6.800000000000001
2021-05-30,150,,2997.0,0.6000000000000001
2021-05-31,151,,2997.0,0.0
2021-06-01,152,,2998.0,0.0
2021-06-02,153,,2998.0,10.4
2021-06-03,154,,2998.0,3.6
2021-06-04,155,,2999.0,10.6
2021-06-05,156,,3000.0,72.6
2021-06-06,157,,3000.0,2.4
2021-06-07,158,,3000.0,0.0
2021-06-08,159,,3000.0,0.0
2021-06-09,160,,3001.0,5.4
2021-06-10,161,,3001.0,38.8
2021-06-11,162,,3001.0,0.4
2021-06-12,163,,3000.0,0.0
2021-06-13,164,,3000.0,0.0
2021-06-14,165,,3000.0,74.6
2021-06-15,166,,3000.0,6.6
2021-06-16,167,,3004.0,13.200000000000001
2021-06-17,168,,3003.0,0.0
2021-06-18,169,,3003.0,0.0
2021-06-19,170,,3002.0,1.4
2021-06-20,171,,3002.0,0.0
2021-06-21,172,,3001.0,0.0
2021-06-22,173,,3001.0,0.0
2021-06-23,174,,3004.0,68.0
2021-06-24,175,,3002.0,0.0
2021-06-25,176,,3001.0,0.6
2021-06-26,177,,3001.0,0.0
2021-06-27,178,,3000.0,0.0
2021-06-28,179,,2998.0,33.4
2021-06-29,180,,2997.0,17.400000000000002
2021-06-30,181,,2996.0,0.0
2021-07-01,182,,2994.0,0.0
2021-07-02,183,,2991.0,0.0
2021-07-03,184,,2991.0,33.199999999999996
2021-07-04,185,,2989.0,4.800000000000001
2021-07-05,186,,2987.0,0.0
2021-07-06,187,,2985.0,21.4
2021-07-07,188,,2983.0,0.0
2021-07-08,189,,2980.0,20.599999999999998
2021-07-09,190,,2979.0,0.0
2021-07-10,191,,2975.0,0.0
2021-07-11,192,,2973.0,7.199999999999999
2021-07-12,193,,2970.0,11.8
2021-07-13,194,,2969.0,50.2
2021-07-14,195,,2965.0,0.0
2021-07-15,196,,2962.0,0.8
2021-07-16,197,,2959.0,3.4
2021-07-17,198,,2955.0,0.2
2021-07-18,199,,2951.0,0.0
2021-07-19,200,,2946.0,0.0
2021-07-20,201,,2942.0,1.0
2021-07-21,202,,2939.0,16.4
2021-07-22,203,,2935.0,0.0
2021-07-23,204,,2931.0,22.0
2021-07-24,205,,2927.0,0.0
2021-07-25,206,,2923.0,0.0
2021-07-26,207,,2918.0,0.0
2021-07-27,208,,2912.0,0.0
2021-07-28,209,,2908.0,0.0
2021-07-29,210,,2902.0,0.0
2021-07-30,211,,2896.0,2.0
2021-07-31,212,,2892.0,0.0
2021-08-01,213,,2887.0,0.0
2021-08-02,214,,2882.0,34.6
2021-08-03,215,,2878.0,0.0
2021-08-04,216,,2872.0,17.0
2021-08-05,217,,2869.0,36.2
2021-08-06,218,,2862.0,0.0
2021-08-07,219,,2856.0,3.4
2021-08-08,220,,2850.0,0.0
2021-08-09,221,,2843.0,0.0
2021-08-10,222,,2838.0,0.0
2021-08-11,223,,2831.0,5.8
2021-08-12,224,,2826.0,3.2
2021-08-13,225,,2821.0,43.2
2021-08-14,226,,2816.0,1.6
2021-08-15,227,,2811.0,0.0
2021-08-16,228,,2804.0,0.2
2021-08-17,229,,2798.0,0.0
2021-08-18,230,,2791.0,0.0
2021-08-19,231,,2785.0,0.2
2021-08-20,232,,2778.0,0.4
2021-08-21,233,,2771.0,0.0
2021-08-22,234,,2764.0,0.0
2021-08-23,235,,2756.0,0.0
2021-08-24,236,,2748.0,1.8
2021-08-25,237,,2739.0,0.0
2021-08-26,238,,2731.0,0.0
2021-08-27,239,,2723.0,0.0
2021-08-28,240,,2714.0,1.2
2021-08-29,241,,2706.0,0.0
2021-08-30,242,,2698.0,54.4
2021-08-31,243,,2692.0,0.8
2021-09-01,244,,2682.0,8.399999999999999
2021-09-02,245,,2674.0,0.0
2021-09-03,246,,2663.0,2.6
2021-09-04,247,,2653.0,0.0
2021-09-05,248,,2643.0,0.4
2021-09-06,249,,2632.0,0.0
2021-09-07,250,,2620.0,0.0
2021-09-08,251,,2608.0,0.0
2021-09-09,252,,2595.0,6.6000000000000005
2021-09-10,253,,2582.0,0.0
2021-09-11,254,,2569.0,0.0
2021-09-12,255,,2556.0,0.0
2021-09-13,256,,2542.0,0.0
2021-09-14,257,,2529.0,0.0
2021-09-15,258,,2513.0,0.0
2021-09-16,259,,2499.0,0.0
2021-09-17,260,,2482.0,3.0
2021-09-18,261,,2467.0,38.4
2021-09-19,262,,2452.0,7.8
2021-09-20,263,,2436.0,13.6
2021-09-21,264,,2419.0,0.0
2021-09-22,265,,2403.0,0.0
2021-09-23,266,,2387.0,0.2
2021-09-24,267,,2370.0,0.0
2021-09-25,268,,2353.0,0.2
2021-09-26,269,,2337.0,0.6000000000000001
2021-09-27,270,,2322.0,1.0
2021-09-28,271,,2306.0,0.0
2021-09-29,272,,2290.0,11.2
2021-09-30,273,,2276.0,10.599999999999998
2021-10-01,274,,2262.0,1.7999999999999998
2021-10-02,275,,2248.0,0.2
2021-10-03,276,,2234.0,0.0
2021-10-04,277,,2221.0,0.0
2021-10-05,278,,2207.0,0.0
2021-10-06,279,,2194.0,0.0
2021-10-07,280,,2182.0,15.4
2021-10-08,281,,2169.0,0.0
2021-10-09,282,,2158.0,4.6
2021-10-10,283,,2147.0,0.0
2021-10-11,284,,2137.0,1.8
2021-10-12,285,,2126.0,0.0
2021-10-13,286,,2116.0,19.2
2021-10-14,287,,2104.0,0.2
2021-10-15,288,,2093.0,0.0
2021-10-16,289,,2082.0,0.0
2021-10-17,290,,2070.0,36.8
2021-10-18,291,,2058.0,0.0
2021-10-19,292,,2045.0,0.0
2021-10-20,293,,2030.0,4.0
2021-10-21,294,,2017.0,35.0
2021-10-22,295,,2007.0,6.6000000000000005
2021-10-23,296,,2001.0,24.2
2021-10-24,297,,1992.0,0.0
2021-10-25,298,,1985.0,7.0
2021-10-26,299,,1976.0,1.6
2021-10-27,300,,1969.0,41.4
2021-10-28,301,,1966.0,0.0
2021-10-29,302,,1963.0,16.6
2021-10-30,303,,1959.0,9.799999999999999
2021-10-31,304,,1955.0,8.399999999999999
2021-11-01,305,,1950.0,49.6
2021-11-02,306,,1947.0,20.799999999999997
2021-11-03,307,,1945.0,0.2
2021-11-04,308,,1944.0,5.4
2021-11-05,309,,1944.0,0.0
2021-11-06,310,,1945.0,7.6000000000000005
2021-11-07,311,,1946.0,0.0
2021-11-08,312,,1948.0,0.0
2021-11-09,313,,1953.0,8.200000000000001
2021-11-10,314,,1958.0,2.8000000000000003
2021-11-11,315,,1963.0,1.8
2021-11-12,316,,1966.0,17.8
2021-11-13,317,,1969.0,4.199999999999999
2021-11-14,318,,1972.0,8.0
2021-11-15,319,,1976.0,85.6
2021-11-16,320,,1980.0,26.0
2021-11-17,321,,1985.0,1.2000000000000002
2021-11-18,322,,1991.0,20.8
2021-11-19,323,,1999.0,0.0
2021-11-20,324,,2008.0,27.6
2021-11-21,325,,2018.0,29.400000000000002
2021-11-22,326,,2029.0,33.6
2021-11-23,327,,2037.0,3.4000000000000004
2021-11-24,328,,2046.0,0.2
2021-11-25,329,,2054.0,4.199999999999999
2021-11-26,330,,2063.0,47.4
2021-11-27,331,,2072.0,21.799999999999997
2021-11-28,332,,2080.0,2.4000000000000004
2021-11-29,333,,2089.0,0.2
2021-11-30,334,,2097.0,3.0
2021-12-01,335,,2103.0,1.2000000000000002
2021-12-02,336,,2112.0,0.6000000000000001
2021-12-03,337,,2125.0,10.200000000000001
2021-12-04,338,,2134.0,11.6
2021-12-05,339,,2141.0,5.8
2021-12-06,340,,2148.0,12.0
2021-12-07,341,,2158.0,11.0
2021-12-08,342,,2167.0,0.2
2021-12-09,343,,2175.0,0.0
2021-12-10,344,,2184.0,0.0
2021-12-11,345,,2193.0,28.2
2021-12-12,346,,2205.0,56.4
2021-12-13,347,,2213.0,8.2
2021-12-14,348,,2223.0,0.2
2021-12-15,349,,2231.0,2.6
2021-12-16,350,,2241.0,5.800000000000001
2021-12-17,351,,2251.0,24.799999999999997
2021-12-18,352,,2262.0,21.6
2021-12-19,353,,2271.0,3.8000000000000003
2021-12-20,354,,2283.0,8.6
2021-12-21,355,,2293.0,11.8
2021-12-22,356,,2303.0,28.6
2021-12-23,357,,2314.0,15.0
2021-12-24,358,,2325.0,10.8
2021-12-25,359,,2333.0,0.0
2021-12-26,360,,2341.0,0.0
2021-12-27,361,,2352.0,33.2
2021-12-28,362,,2359.0,16.4
2021-12-29,363,,2367.0,6.4
2021-12-30,364,,2377.0,16.8
2021-12-31,365,,2386.0,0.0
2022-01-01,1,,2393.0,47.6
2022-01-02,2,,2401.0,0.0
2022-01-03,3,,2406.0,2.8000000000000003
2022-01-04,4,,2412.0,0.0
2022-01-05,5,,2417.0,0.0
2022-01-06,6,,2421.0,0.0
2022-01-07,7,,2427.0,12.600000000000001
2022-01-08,8,,2432.0,2.6
2022-01-09,9,,2436.0,0.0
2022-01-10,10,,2439.0,2.0
2022-01-11,11,,2442.0,0.0
2022-01-12,12,,2443.0,2.8
2022-01-13,13,,2445.0,0.6000000000000001
2022-01-14,14,,2449.0,22.6
2022-01-15,15,,2450.0,0.2
2022-01-16,16,,2450.0,3.6
2022-01-17,17,,2453.0,40.0
2022-01-18,18,,2452.0,2.2
2022-01-19,19,,2450.0,5.4
2022-01-20,20,,2448.0,3.8
2022-01-21,21,,2445.0,0.6000000000000001
2022-01-22,22,,2442.0,0.6000000000000001
2022-01-23,23,,2438.0,0.4
2022-01-24,24,,2435.0,53.6
2022-01-25,25,,2431.0,3.5999999999999996
2022-01-26,26,,2425.0,6.6
2022-01-27,27,,2422.0,91.6
2022-01-28,28,,2418.0,1.0
2022-01-29,29,,2413.0,7.200000000000001
2022-01-30,30,,2409.0,2.4
2022-01-31,31,,2405.0,2.8
2022-02-01,32,,2402.0,0.0
2022-02-02,33,,2397.0,47.2
2022-02-03,34,,2395.0,15.4
2022-02-04,35,,2398.0,16.2
2022-02-05,36,,2395.0,0.4
2022-02-06,37,,2394.0,22.0
2022-02-07,38,,2392.0,0.0
2022-02-08,39,,2393.0,23.4
2022-02-09,40,,2391.0,0.2
2022-02-10,41,,2391.0,19.0
2022-02-11,42,,2390.0,18.0
2022-02-12,43,,2390.0,7.000000000000001
2022-02-13,44,,2389.0,5.6
2022-02-14,45,,2392.0,24.0
2022-02-15,46,,2395.0,0.4
2022-02-16,47,,2396.0,3.0
2022-02-17,48,,2399.0,22.6
2022-02-18,49,,2403.0,58.2
2022-02-19,50,,2405.0,1.6
2022-02-20,51,,2408.0,0.6000000000000001
2022-02-21,52,,2410.0,0.0
2022-02-22,53,,2414.0,6.2
2022-02-23,54,,2419.0,15.4
2022-02-24,55,,2426.0,0.0
2022-02-25,56,,2433.0,2.4
2022-02-26,57,,2438.0,29.4
2022-02-27,58,,2445.0,21.2
2022-02-28,59,,2452.0,9.799999999999999
2022-03-01,60,,2459.0,14.0
2022-03-02,61,,2465.0,16.0
2022-03-03,62,,2472.0,0.0
2022-03-04,63,,2479.0,6.800000000000001
2022-03-05,64,,2485.0,0.0
2022-03-06,65,,2493.0,0.0
2022-03-07,66,,2501.0,11.8
2022-03-08,67,,2508.0,1.8
2022-03-09,68,,2516.0,9.2
2022-03-10,69,,2525.0,3.0
2022-03-11,70,,2533.0,1.2000000000000002
2022-03-12,71,,2540.0,0.2
2022-03-13,72,,2557.0,11.8
2022-03-14,73,,2560.25,3.0
2022-03-15,74,,2568.3,0.4
2022-03-16,75,,2577.58,5.8
2022-03-17,76,,2585.61,8.6
2022-03-18,77,,2593.0,3.0
2022-03-19,78,,2602.0,37.8
2022-03-20,79,,2613.0,76.4
2022-03-21,80,,2623.0,0.2
2022-03-22,81,,2632.0,0.2
2022-03-23,82,,2642.0,3.6
2022-03-24,83,,2650.0,1.8000000000000003
2022-03-25,84,,2661.0,41.6
2022-03-26,85,,2671.0,4.8
2022-03-27,86,,2678.0,2.2
2022-03-28,87,,2687.0,19.200000000000003
2022-03-29,88,,2699.0,51.0
2022-03-30,89,,2708.0,55.800000000000004
2022-03-31,90,,2716.0,0.0
2022-04-01,91,,2721.0,2.2
2022-04-02,92,,2736.0,53.0
2022-04-03,93,,2742.0,0.6000000000000001
2022-04-04,94,,2748.0,0.0
2022-04-05,95,,2755.0,1.0
2022-04-06,96,,2760.0,10.0
2022-04-07,97,,2765.0,0.0
2022-04-08,98,,2772.0,35.2
2022-04-09,99,,2777.0,13.2
2022-04-10,100,,2783.0,16.4
2022-04-11,101,,2788.0,2.4000000000000004
2022-04-12,102,,2793.0,3.0
2022-04-13,103,,2798.0,1.2
2022-04-14,104,,2803.0,13.200000000000001
2022-04-15,105,,2812.0,97.8
2022-04-16,106,,2816.0,8.6
2022-04-17,107,,2821.0,35.8
2022-04-18,108,,2828.0,0.2
2022-04-19,109,,2833.0,24.0
2022-04-20,110,,2839.0,7.0
2022-04-21,111,,2843.0,0.0
2022-04-22,112,,2847.0,1.2000000000000002
2022-04-23,113,,2851.0,0.0
2022-04-24,114,,2855.0,0.0
2022-04-25,115,,2858.0,0.0
2022-04-26,116,,2863.0,0.0
2022-04-27,117,,2865.0,0.0
2022-04-28,118,,2868.0,0.0
2022-04-29,119,,2873.0,46.2
2022-04-30,120,,2876.0,1.6
2022-05-01,121,,2881.0,7.4
2022-05-02,122,,2885.0,4.4
2022-05-03,123,,2888.0,0.0
2022-05-04,124,,2893.0,29.6
2022-05-05,125,,2897.0,0.2
2022-05-06,126,,2901.0,5.0
2022-05-07,127,,2906.0,39.2
2022-05-08,128,,2909.0,67.0
2022-05-09,129,,2911.0,0.0
2022-05-10,130,,2913.0,0.0
2022-05-11,131,,2915.0,9.4
2022-05-12,132,,2918.0,0.0
2022-05-13,133,,2919.0,3.2
2022-05-14,134,,2922.0,7.0
2022-05-15,135,,2923.0,6.6000000000000005
2022-05-16,136,,2925.0,2.2
2022-05-17,137,,2928.0,32.2
2022-05-18,138,,2929.0,0.6000000000000001
2022-05-19,139,,2931.0,0.0
2022-05-20,140,,2932.0,1.4
2022-05-21,141,,2934.0,0.0
2022-05-22,142,,2936.0,0.0
2022-05-23,143,,2937.0,4.6
2022-05-24,144,,2938.0,0.0
2022-05-25,145,,2939.0,0.0
2022-05-26,146,,2940.0,0.0
2022-05-27,147,,2941.0,0.0
2022-05-28,148,,2943.0,0.0
2022-05-29,149,,2945.0,8.0
2022-05-30,150,,2946.0,1.4
2022-05-31,151,,2948.0,3.9999999999999996
2022-06-01,152,,2950.0,3.0
2022-06-02,153,,2951.0,0.2
2022-06-03,154,,2953.0,0.0
2022-06-04,155,,2956.0,39.2
2022-06-05,156,,2959.0,46.6
2022-06-06,157,,2961.0,48.6
2022-06-07,158,,2961.0,0.0
2022-06-08,159,,2962.0,0.2
2022-06-09,160,,2963.0,5.6000000000000005
2022-06-10,161,,2962.0,0.2
2022-06-11,162,,2966.0,36.2
2022-06-12,163,,2967.0,0.2
2022-06-13,164,,2970.0,7.199999999999999
2022-06-14,165,,2971.0,0.2
2022-06-15,166,,2973.0,4.8
2022-06-16,167,,2974.0,0.0
2022-06-17,168,,2974.0,0.0
2022-06-18,169,,2974.0,0.0
2022-06-19,170,,2974.0,2.8000000000000003
2022-06-20,171,,2975.0,8.6
2022-06-21,172,,2976.0,11.6
2022-06-22,173,,2976.0,1.6
2022-06-23,174,,2976.0,0.4
2022-06-24,175,,2976.0,4.6
2022-06-25,176,,2976.0,0.0
2022-06-26,177,,2975.0,3.4
2022-06-27,178,,2974.0,0.0
2022-06-28,179,,2973.0,0.0
2022-06-29,180,,2972.0,0.0
2022-06-30,181,,2969.0,0.0
2022-07-01,182,,2968.0,0.0
2022-07-02,183,,2966.0,0.0
2022-07-03,184,,2964.0,13.399999999999999
2022-07-04,185,,2962.0,0.0
2022-07-05,186,,2959.0,0.0
2022-07-06,187,,2957.0,7.0
2022-07-07,188,,2954.0,0.0
2022-07-08,189,,2951.0,2.6
2022-07-09,190,,2948.0,0.0
2022-07-10,191,,2945.0,0.0
2022-07-11,192,,2942.0,0.0
2022-07-12,193,,2938.0,0.0
2022-07-13,194,,2935.0,0.0
2022-07-14,195,,2931.0,2.0
2022-07-15,196,,2926.0,0.0
2022-07-16,197,,2923.0,0.4
2022-07-17,198,,2918.0,0.0
2022-07-18,199,,2917.0,0.8
2022-07-19,200,,2909.0,0.0
2022-07-20,201,,2904.0,0.0
2022-07-21,202,,2900.0,5.8
2022-07-22,203,,2896.0,0.2
2022-07-23,204,,2891.0,1.0
2022-07-24,205,,2887.0,0.0
2022-07-25,206,,2882.0,0.0
2022-07-26,207,,2877.0,0.0
2022-07-27,208,,2873.0,0.0
2022-07-28,209,,2868.0,0.0
2022-07-29,210,,2863.0,0.0
2022-07-30,211,,2857.0,5.2
2022-07-31,212,,2852.0,0.0
2022-08-01,213,,2847.0,0.0
2022-08-02,214,,2842.0,0.4
2022-08-03,215,,2837.0,0.0
2022-08-04,216,,2832.0,0.0
2022-08-05,217,,2835.0,0.0
2022-08-06,218,,2820.0,0.0
2022-08-07,219,,2815.0,0.0
2022-08-08,220,,2809.0,0.0
2022-08-09,221,,2804.0,0.0
2022-08-10,222,,2797.0,0.0
2022-08-11,223,,2791.0,0.0
2022-08-12,224,,2785.0,0.0
2022-08-13,225,,2779.0,0.6
2022-08-14,226,,2772.0,0.0
2022-08-15,227,,2766.0,20.400000000000002
2022-08-16,228,,2760.0,0.0
2022-08-17,229,,2753.0,0.0
2022-08-18,230,,2747.0,0.0
2022-08-19,231,,2738.0,0.0
2022-08-20,232,,2731.0,0.0
2022-08-21,233,,2723.0,0.0
2022-08-22,234,,2716.0,0.0
2022-08-23,235,,2709.0,0.0
2022-08-24,236,,2701.0,0.8
2022-08-25,237,,2693.0,9.2
2022-08-26,238,,2684.0,0.6
2022-08-27,239,,2675.0,0.0
2022-08-28,240,,2665.0,21.2
2022-08-29,241,,2655.0,7.2
2022-08-30,242,,2646.0,0.0
2022-08-31,243,,2636.0,0.0
2022-09-01,244,,2625.0,0.0
2022-09-02,245,,2614.0,0.0
2022-09-03,246,,2604.0,0.0
2022-09-04,247,,2593.0,0.0
2022-09-05,248,,2581.0,0.0
2022-09-06,249,,2569.0,1.6
2022-09-07,250,,2557.0,0.0
2022-09-08,251,,2545.0,22.6
2022-09-09,252,,2533.0,1.6
2022-09-10,253,,2520.0,0.0
2022-09-11,254,,2507.0,0.0
2022-09-12,255,,2493.0,38.6
2022-09-13,256,,2480.0,3.2
2022-09-14,257,,2467.0,0.0
2022-09-15,258,,2452.0,0.0
2022-09-16,259,,2436.0,0.0
2022-09-17,260,,2420.0,2.8
2022-09-18,261,,2403.0,14.799999999999999
2022-09-19,262,,2386.0,0.0
2022-09-20,263,,2369.0,0.0
2022-09-21,264,,2350.0,0.0
2022-09-22,265,,2331.0,0.0
2022-09-23,266,,2310.0,0.0
2022-09-24,267,,2289.0,0.0
2022-09-25,268,,2268.0,0.0
2022-09-26,269,,2245.0,34.8
2022-09-27,270,,2222.0,0.0
2022-09-28,271,,2199.0,0.0
2022-09-29,272,,2176.0,0.0
2022-09-30,273,,2151.0,22.2
2022-10-01,274,,2126.0,0.0
2022-10-02,275,,2103.0,0.0
2022-10-03,276,,2081.0,35.8
2022-10-04,277,,2057.0,0.0
2022-10-05,278,,2035.0,0.0
2022-10-06,279,,2010.0,0.0
2022-10-07,280,,1986.0,0.2
2022-10-08,281,,1960.0,0.2
2022-10-09,282,,1935.0,0.0
2022-10-10,283,,1910.0,0.4
2022-10-11,284,,1885.0,0.0
2022-10-12,285,,1858.0,25.6
2022-10-13,286,,1834.0,1.0
2022-10-14,287,,1810.0,0.4
2022-10-15,288,,1784.0,24.0
2022-10-16,289,,1764.0,0.2
2022-10-17,290,,1741.0,3.6
2022-10-18,291,,1721.0,3.2
2022-10-19,292,,1702.0,0.0
2022-10-20,293,,1685.0,0.0
2022-10-21,294,,1669.0,0.0
2022-10-22,295,,1658.0,3.4
2022-10-23,296,,1647.0,0.0
2022-10-24,297,,1637.0,23.0
2022-10-25,298,,1627.0,20.2
2022-10-26,299,,1621.0,0.0
2022-10-27,300,,1620.0,0.0
2022-10-28,301,,1619.0,0.0
2022-10-29,302,,1622.0,31.2
2022-10-30,303,,1626.0,0.0
2022-10-31,304,,1630.0,0.0
2022-11-01,305,,1639.0,0.2
2022-11-02,306,,1651.0,0.7999999999999999
2022-11-03,307,,1664.0,0.0
2022-11-04,308,,1675.0,0.0
2022-11-05,309,,1688.0,0.0
2022-11-06,310,,1700.0,37.0
2022-11-07,311,,1716.0,0.0
2022-11-08,312,,1730.0,0.0
2022-11-09,313,,1743.0,0.0
2022-11-10,314,,1756.0,0.0
2022-11-11,315,,1770.0,0.0
2022-11-12,316,,1782.0,4.4
2022-11-13,317,,1794.0,27.2
2022-11-14,318,,1802.0,0.2
2022-11-15,319,,1810.0,9.4
2022-11-16,320,,1818.0,0.0
2022-11-17,321,,1825.0,1.7999999999999998
2022-11-18,322,,1829.0,0.0
2022-11-19,323,,1833.0,0.7999999999999999
2022-11-20,324,,1836.0,0.0
2022-11-21,325,,1837.0,0.4
2022-11-22,326,,1837.0,0.0
2022-11-23,327,,1839.0,41.6
2022-11-24,328,,1839.0,3.0
2022-11-25,329,,1835.0,4.2
2022-11-26,330,,1832.0,8.0
2022-11-27,331,,1830.0,1.4
2022-11-28,332,,1830.0,2.8
2022-11-29,333,,1822.0,0.2
2022-11-30,334,,1819.0,0.0
2022-12-01,335,,1820.0,96.2
2022-12-02,336,,1822.0,0.0
2022-12-03,337,,1827.0,0.8
2022-12-04,338,,1835.0,0.0
2022-12-05,339,,1843.0,2.0
2022-12-06,340,,1851.0,0.6000000000000001
2022-12-07,341,,1859.0,0.0
2022-12-08,342,,1869.0,25.799999999999997
2022-12-09,343,,1876.0,3.5999999999999996
2022-12-10,344,,1883.0,0.0
2022-12-11,345,,1891.0,0.0
2022-12-12,346,,1897.0,1.0
2022-12-13,347,,1899.0,4.2
2022-12-14,348,,1908.0,0.0
2022-12-15,349,,1913.0,0.0
2022-12-16,350,,1914.0,0.0
2022-12-17,351,,1917.0,0.0
2022-12-18,352,,1920.0,0.0
2022-12-19,353,,1924.0,0.0
2022-12-20,354,,1924.0,0.0
2022-12-21,355,,1919.0,0.0
2022-12-22,356,,1919.0,59.6
2022-12-23,357,,1918.0,0.6000000000000001
2022-12-24,358,,1916.0,0.2
2022-12-25,359,,1913.0,0.0
2022-12-26,360,,1912.0,10.799999999999999
2022-12-27,361,,1914.0,32.0
2022-12-28,362,,1914.0,1.8
2022-12-29,363,,1918.0,1.5999999999999999
2022-12-30,364,,1920.0,0.4
2022-12-31,365,,1923.0,13.2
2023-01-01,1,,1924.0,1.0
2023-01-02,2,,1930.0,10.8
2023-01-03,3,,1935.0,10.2
2023-01-04,4,,1942.0,0.0
2023-01-05,5,,1945.0,0.8
2023-01-06,6,,1955.0,23.200000000000003
2023-01-07,7,,1958.0,0.0
2023-01-08,8,,1962.0,14.6
2023-01-09,9,,1967.0,28.2
2023-01-10,10,,1969.0,4.6
2023-01-11,11,,1972.0,0.0
2023-01-12,12,,1975.0,1.8
2023-01-13,13,,1980.0,32.6
2023-01-14,14,,1985.0,1.6
2023-01-15,15,,1989.0,0.0
2023-01-16,16,,1996.0,23.8
2023-01-17,17,,2005.0,14.4
2023-01-18,18,,2012.0,5.4
2023-01-19,19,,2022.0,0.0
2023-01-20,20,,2034.0,3.2
2023-01-21,21,,2045.0,1.0
2023-01-22,22,,2058.0,3.4
2023-01-23,23,,2071.0,16.6
2023-01-24,24,,2086.0,21.6
2023-01-25,25,,2100.0,17.0
2023-01-26,26,,2113.0,0.4
2023-01-27,27,,2127.0,26.4
2023-01-28,28,,2141.0,8.8
2023-01-29,29,,2155.0,0.0
2023-01-30,30,,2166.0,19.799999999999997
2023-01-31,31,,2178.0,2.2
2023-02-01,32,,2188.0,0.2
2023-02-02,33,,2198.0,0.0
2023-02-03,34,,2209.0,26.599999999999998
2023-02-04,35,,2220.0,4.0
2023-02-05,36,,2232.0,10.0
2023-02-06,37,,2243.0,1.2
2023-02-07,38,,2253.0,9.4
2023-02-08,39,,2262.0,48.199999999999996
2023-02-09,40,,2270.0,20.6
2023-02-10,41,,2277.0,2.8000000000000003
2023-02-11,42,,2287.0,24.2
2023-02-12,43,,2296.0,25.2
2023-02-13,44,,2303.0,29.599999999999998
2023-02-14,45,,2309.0,7.4
2023-02-15,46,,2316.0,12.2
2023-02-16,47,,2323.0,61.800000000000004
2023-02-17,48,,2328.0,0.0
2023-02-18,49,,2335.0,33.4
2023-02-19,50,,2343.0,33.8
2023-02-20,51,,2351.0,45.6
2023-02-21,52,,2359.0,2.4
2023-02-22,53,,2366.0,0.6000000000000001
2023-02-23,54,,2373.0,0.0
2023-02-24,55,,2381.0,2.4000000000000004
2023-02-25,56,,2389.0,9.8
2023-02-26,57,,2398.0,3.6
2023-02-27,58,,2408.0,2.5999999999999996
2023-02-28,59,,2418.0,2.6
2023-03-01,60,,2426.0,0.2
2023-03-02,61,,2435.0,14.4
2023-03-03,62,,2443.0,0.0
2023-03-04,63,,2453.0,7.0
2023-03-05,64,,2461.0,8.6
2023-03-06,65,,2470.0,0.0
2023-03-07,66,,2479.0,40.2
2023-03-08,67,,2487.0,28.0
2023-03-09,68,,2496.0,9.4
2023-03-10,69,,2503.0,7.4
2023-03-11,70,,2513.0,14.6
2023-03-12,71,,2527.0,80.4
2023-03-13,72,,2535.0,0.0
2023-03-14,73,,2540.0,32.0
2023-03-15,74,,2545.0,0.4
2023-03-16,75,,2549.0,0.2
2023-03-17,76,,2553.0,18.2
2023-03-18,77,,2558.0,0.0
2023-03-19,78,,2561.0,16.0
2023-03-20,79,,2564.0,0.2
2023-03-21,80,,2567.0,0.0
2023-03-22,81,,2569.0,2.2
2023-03-23,82,,2572.0,0.0
2023-03-24,83,,2574.0,23.6
2023-03-25,84,,2580.0,27.599999999999998
2023-03-26,85,,2583.0,2.4
2023-03-27,86,,2586.0,8.0
2023-03-28,87,,2588.0,0.0
2023-03-29,88,,2591.0,9.4
2023-03-30,89,,2594.0,19.6
2023-03-31,90,,2598.0,0.0
2023-04-01,91,,2601.12,4.6
2023-04-02,92,,2606.0,9.799999999999999
2023-04-03,93,,2608.0,0.0
2023-04-04,94,,2610.0,13.6
2023-04-05,95,,2613.0,5.6000000000000005
2023-04-06,96,,2615.0,0.0
2023-04-07,97,,2620.0,0.0
2023-04-08,98,,2623.0,4.0
2023-04-09,99,,2627.0,0.0
2023-04-10,100,,2630.0,4.4
2023-04-11,101,,2631.0,0.2
2023-04-12,102,,2635.0,0.0
2023-04-13,103,,2637.0,4.8
2023-04-14,104,,2640.0,0.0
2023-04-15,105,,2646.0,1.2
2023-04-16,106,,2650.0,3.4
2023-04-17,107,,2657.0,31.8
2023-04-18,108,,2661.0,0.0
2023-04-19,109,,2663.0,0.0
2023-04-20,110,,2666.0,12.0
2023-04-21,111,,2671.0,3.6
2023-04-22,112,,2683.0,42.8
2023-04-23,113,,2683.0,0.6000000000000001
2023-04-24,114,,2686.0,0.0
2023-04-25,115,,2690.0,1.8
2023-04-26,116,,2693.0,9.6
2023-04-27,117,,2696.0,0.0
2023-04-28,118,,2700.0,0.0
2023-04-29,119,,2704.0,0.0
2023-04-30,120,,2709.0,0.0
2023-05-01,121,,2713.0,18.0
2023-05-02,122,,2718.0,0.8
2023-05-03,123,,2723.0,6.6000000000000005
2023-05-04,124,,2727.0,10.2
2023-05-05,125,,2731.0,2.0
2023-05-06,126,,2737.0,27.6
2023-05-07,127,,2742.0,6.0
2023-05-08,128,,2745.0,0.0
2023-05-09,129,,2748.0,7.4
2023-05-10,130,,2754.0,0.0
2023-05-11,131,,2757.0,9.399999999999999
2023-05-12,132,,2760.0,0.0
2023-05-13,133,,2763.0,0.0
2023-05-14,134,,2765.0,0.0
2023-05-15,135,,2767.89,1.4000000000000001
2023-05-16,136,,2773.0,21.4
2023-05-17,137,,2777.0,40.0
2023-05-18,138,,2779.0,3.8
2023-05-19,139,,2782.0,0.0
2023-05-20,140,,2784.0,0.0
2023-05-21,141,,2787.0,0.0
2023-05-22,142,,2790.0,0.0
2023-05-23,143,,2791.0,4.3999999999999995
2023-05-24,144,,2794.0,16.0
2023-05-25,145,,2796.0,2.6
2023-05-26,146,,2800.0,0.0
2023-05-27,147,,2801.0,1.8
2023-05-28,148,,2804.0,0.0
2023-05-29,149,,2806.0,0.8
2023-05-30,150,,2809.0,0.2
2023-05-31,151,,2811.0,0.0
2023-06-01,152,,2813.0,0.0
2023-06-02,153,,2814.0,0.0
2023-06-03,154,,2816.0,15.999999999999998
2023-06-04,155,,2818.0,0.8
2023-06-05,156,,2819.0,0.0
2023-06-06,157,,2821.0,0.0
2023-06-07,158,,2823.0,0.0
2023-06-08,159,,2824.0,0.0
2023-06-09,160,,2826.0,7.4
2023-06-10,161,,2826.0,0.0
2023-06-11,162,,2827.0,0.0
2023-06-12,163,,2827.0,1.0
2023-06-13,164,,2828.0,0.0
2023-06-14,165,,2828.0,3.4000000000000004
2023-06-15,166,,2828.0,0.6000000000000001
2023-06-16,167,,2828.0,0.0
2023-06-17,168,,2826.0,0.0
2023-06-18,169,,2826.0,27.0
2023-06-19,170,,2825.0,0.0
2023-06-20,171,,2824.0,0.2
2023-06-21,172,,2822.0,3.0
2023-06-22,173,,2820.0,0.0
2023-06-23,174,,2819.0,0.0
2023-06-24,175,,2817.0,0.0
2023-06-25,176,,2815.0,0.0
2023-06-26,177,,2814.0,0.0
2023-06-27,178,,2811.0,0.0
2023-06-28,179,,2809.0,0.0
2023-06-29,180,,2806.0,0.0
2023-06-30,181,,2802.0,0.0
2023-07-01,182,,2800.0,0.0
2023-07-02,183,,2798.0,16.8
2023-07-03,184,,2796.0,30.8
2023-07-04,185,,2794.0,1.6
2023-07-05,186,,2790.0,0.0
2023-07-06,187,,2789.0,0.0
2023-07-07,188,,2785.0,0.0
2023-07-08,189,,2781.0,0.0
2023-07-09,190,,2777.0,1.8
2023-07-10,191,,2773.0,11.2
2023-07-11,192,,2770.0,0.2
2023-07-12,193,,2766.0,0.0
2023-07-13,194,,2763.0,0.0
2023-07-14,195,,2759.0,4.0
2023-07-15,196,,2755.0,0.0
2023-07-16,197,,2753.0,0.0
2023-07-17,198,,2748.0,0.0
2023-07-18,199,,2744.0,0.0
2023-07-19,200,,2741.0,0.0
2023-07-20,201,,2736.0,0.0
2023-07-21,202,,2732.0,1.2
2023-07-22,203,,2727.0,9.0
2023-07-23,204,,2721.0,0.0
2023-07-24,205,,2717.0,0.0
2023-07-25,206,,2711.0,0.0
2023-07-26,207,,2706.0,0.0
2023-07-27,208,,2701.0,0.0
2023-07-28,209,,2695.0,0.0
2023-07-29,210,,2688.0,0.6000000000000001
2023-07-30,211,,2682.0,0.0
2023-07-31,212,,2675.0,0.0
2023-08-01,213,,2668.0,0.0
2023-08-02,214,,2662.0,20.4
2023-08-03,215,,2654.0,0.2
2023-08-04,216,,2647.0,0.0
2023-08-05,217,,2641.0,0.0
2023-08-06,218,,2634.0,0.0
2023-08-07,219,,2625.0,0.0
2023-08-08,220,,2618.0,0.0
2023-08-09,221,,2611.0,0.0
2023-08-10,222,,2603.0,0.8
2023-08-11,223,,2596.0,0.0
2023-08-12,224,,2588.0,0.0
2023-08-13,225,,2580.0,0.0
2023-08-14,226,,2570.0,0.0
2023-08-15,227,,2561.0,0.2
2023-08-16,228,,2553.0,0.0
2023-08-17,229,,2545.0,0.0
2023-08-18,230,,2535.0,0.0
2023-08-19,231,,2526.0,9.600000000000001
2023-08-20,232,,2515.0,0.0
2023-08-21,233,,2504.0,0.0
2023-08-22,234,,2493.0,0.0
2023-08-23,235,,2481.0,0.0
2023-08-24,236,,2468.0,0.0
2023-08-25,237,,2456.0,0.0
2023-08-26,238,,2444.0,0.0
2023-08-27,239,,2430.0,0.0
2023-08-28,240,,2417.0,0.0
2023-08-29,241,,2403.0,0.0
2023-08-30,242,,2389.0,0.0
2023-08-31,243,,2372.0,0.0
2023-09-01,244,,2357.0,0.0
2023-09-02,245,,2340.0,0.0
2023-09-03,246,,2323.0,0.0
2023-09-04,247,,2305.0,0.0
2023-09-05,248,,2287.0,0.0
2023-09-06,249,,2267.0,1.2
2023-09-07,250,,2247.0,0.0
2023-09-08,251,,2224.0,0.0
2023-09-09,252,,2199.0,0.0
2023-09-10,253,,2176.0,0.2
2023-09-11,254,,2150.0,6.0
2023-09-12,255,,2122.0,0.0
2023-09-13,256,,2096.0,0.0
2023-09-14,257,,2066.0,0.0
2023-09-15,258,,2036.0,0.0
2023-09-16,259,,2002.0,28.4
2023-09-17,260,,1972.0,0.0
2023-09-18,261,,1939.0,0.0
2023-09-19,262,,1905.0,0.0
2023-09-20,263,,1873.0,19.8
2023-09-21,264,,1837.0,3.8
2023-09-22,265,,1806.0,0.2
2023-09-23,266,,1772.0,0.0
2023-09-24,267,,1742.0,0.0
2023-09-25,268,,1707.0,0.0
2023-09-26,269,,1677.0,12.399999999999999
2023-09-27,270,,1647.0,0.0
2023-09-28,271,,1618.0,43.8
2023-09-29,272,,1593.0,0.2
2023-09-30,273,,1569.0,0.0
2023-10-01,274,,1549.0,0.0
2023-10-02,275,,1531.0,0.0
2023-10-03,276,,1515.0,0.6
2023-10-04,277,,1501.0,0.0
2023-10-05,278,,1489.0,0.0
2023-10-06,279,,1477.0,0.0
2023-10-07,280,,1464.0,0.0
2023-10-08,281,,1454.0,0.0
2023-10-09,282,,1441.0,0.0
2023-10-10,283,,1429.0,0.0
2023-10-11,284,,1416.0,0.0
2023-10-12,285,,1403.0,0.0
2023-10-13,286,,1388.0,2.2
2023-10-14,287,,1378.0,48.0
2023-10-15,288,,1366.0,1.0
2023-10-16,289,,1359.0,34.2
2023-10-17,290,,1345.0,0.0
2023-10-18,291,,1336.0,41.6
2023-10-19,292,,1328.0,0.4
2023-10-20,293,,1318.0,0.6000000000000001
2023-10-21,294,,1308.0,1.0
2023-10-22,295,,1297.0,17.4
2023-10-23,296,,1288.0,0.2
2023-10-24,297,,1278.0,0.0
2023-10-25,298,,1272.0,0.0
2023-10-26,299,,1267.0,0.0
2023-10-27,300,,1269.0,0.0
2023-10-28,301,,1273.0,0.0
2023-10-29,302,,1280.0,0.0
2023-10-30,303,,1285.0,0.0
2023-10-31,304,,1295.0,0.0
2023-11-01,305,,1302.0,0.0
2023-11-02,306,,1307.0,0.0
2023-11-03,307,,1312.0,0.0
2023-11-04,308,,1314.0,0.0
2023-11-05,309,,1317.0,3.4000000000000004
2023-11-06,310,,1315.0,0.2
2023-11-07,311,,1320.0,36.4
2023-11-08,312,,1317.0,0.6000000000000001
2023-11-09,313,,1314.0,0.2
2023-11-10,314,,1310.0,0.4
2023-11-11,315,,1306.0,10.0
2023-11-12,316,,1303.0,0.0
2023-11-13,317,,1300.0,0.0
2023-11-14,318,,1297.0,0.0
2023-11-15,319,,1294.0,0.0
2023-11-16,320,,1292.0,0.2
2023-11-17,321,,1293.0,11.8
2023-11-18,322,,1297.0,0.0
2023-11-19,323,,1303.0,0.0
2023-11-20,324,,1311.0,13.6
2023-11-21,325,,1321.0,0.0
2023-11-22,326,,1337.0,1.2
2023-11-23,327,,1356.0,67.39999999999999
2023-11-24,328,,1368.0,0.0
2023-11-25,329,,1384.0,29.6
2023-11-26,330,,1399.0,15.0
2023-11-27,331,,1416.0,2.6
2023-11-28,332,,1428.0,0.0
2023-11-29,333,,1438.0,0.0
2023-11-30,334,,1449.0,0.0
2023-12-01,335,,1458.0,0.0
2023-12-02,336,,1464.0,0.0
2023-12-03,337,,1472.0,38.0
2023-12-04,338,,1479.0,0.0
2023-12-05,339,,1486.0,0.2
2023-12-06,340,,1491.0,0.0
2023-12-07,341,,1497.0,4.2
2023-12-08,342,,1505.0,0.0
2023-12-09,343,,1516.0,5.4
2023-12-10,344,,1526.0,0.0
2023-12-11,345,,1539.0,0.0
2023-12-12,346,,1555.0,0.0
2023-12-13,347,,1572.0,0.0
2023-12-14,348,,1586.0,0.0
2023-12-15,349,,1606.0,11.0
2023-12-16,350,,1623.0,12.0
2023-12-17,351,,1644.0,13.8
2023-12-18,352,,1664.0,6.0
2023-12-19,353,,1682.0,6.6
2023-12-20,354,,1699.0,4.4
2023-12-21,355,,1719.0,0.8
2023-12-22,356,,1735.0,1.4
2023-12-23,357,,1752.0,10.8
2023-12-24,358,,1766.0,0.0
2023-12-25,359,,1783.0,28.8
2023-12-26,360,,1796.0,0.0
2023-12-27,361,,1810.0,0.0
2023-12-28,362,,1824.0,13.200000000000001
2023-12-29,363,,1838.0,44.2
2023-12-30,364,,1854.0,4.8
2023-12-31,365,,1871.0,17.4
2024-01-01,1,,1882.0,0.0
2024-01-02,2,,1894.0,0.0
2024-01-03,3,,1906.0,0.0
2024-01-04,4,,1916.0,0.0
2024-01-05,5,,1927.0,0.0
2024-01-06,6,,1938.0,0.0
2024-01-07,7,,1949.0,0.2
2024-01-08,8,,1958.0,1.0
2024-01-09,9,,1970.0,14.4
2024-01-10,10,,1978.0,0.2
2024-01-11,11,,1988.0,7.0
2024-01-12,12,,1997.0,5.4
2024-01-13,13,,2007.0,2.0
2024-01-14,14,,2025.0,71.8
2024-01-15,15,,2034.0,0.0
2024-01-16,16,,2043.0,0.0
2024-01-17,17,,2051.0,0.0
2024-01-18,18,,2058.0,8.0
2024-01-19,19,,2064.0,0.0
2024-01-20,20,,2070.0,0.6000000000000001
2024-01-21,21,,2075.0,41.6
2024-01-22,22,,2078.0,0.0
2024-01-23,23,,2082.0,0.0
2024-01-24,24,,2085.0,3.0000000000000004
2024-01-25,25,,2088.0,14.200000000000001
2024-01-26,26,,2091.0,0.0
2024-01-27,27,,2098.0,3.4000000000000004
2024-01-28,28,,2102.0,0.0
2024-01-29,29,,2107.0,0.0
2024-01-30,30,,2109.0,0.0
2024-01-31,31,,2114.0,0.2
2024-02-01,32,,2122.0,61.0
2024-02-02,33,,2127.0,2.0
2024-02-03,34,,2137.0,2.4
2024-02-04,35,,2140.0,0.0
2024-02-05,36,,2145.0,22.6
2024-02-06,37,,2149.0,0.0
2024-02-07,38,,2154.0,0.0
2024-02-08,39,,2157.0,0.0
2024-02-09,40,,2158.0,9.0
2024-02-10,41,,2162.0,40.0
2024-02-11,42,,2163.0,7.3999999999999995
2024-02-12,43,,2167.0,23.2
2024-02-13,44,,2171.0,65.6
2024-02-14,45,,2174.0,16.4
2024-02-15,46,,2179.0,2.4
2024-02-16,47,,2181.0,0.0
2024-02-17,48,,2183.0,9.2
2024-02-18,49,,2188.0,21.0
2024-02-19,50,,2189.0,0.2
2024-02-20,51,,2190.0,0.0
2024-02-21,52,,2192.0,0.0
2024-02-22,53,,2193.0,0.0
2024-02-23,54,,2194.0,0.0
2024-02-24,55,,2197.0,7.8
2024-02-25,56,,2202.0,38.4
2024-02-26,57,,2214.0,23.0
2024-02-27,58,,2217.0,0.0
2024-02-28,59,,2220.0,0.0
2024-02-29,60,,2225.0,0.0
2024-03-01,61,,2232.0,0.0
2024-03-02,62,,2238.0,56.2
2024-03-03,63,,2243.0,0.0
2024-03-04,64,,2246.0,33.4
2024-03-05,65,,2252.0,0.0
2024-03-06,66,,2258.0,0.0
2024-03-07,67,,2261.0,1.0
2024-03-08,68,,2262.0,3.2
2024-03-09,69,,2267.0,7.4
2024-03-10,70,,2270.0,0.0
2024-03-11,71,,2274.0,16.2
2024-03-12,72,,2276.0,0.6000000000000001
2024-03-13,73,,2280.0,55.599999999999994
2024-03-14,74,,2284.0,4.8
2024-03-15,75,,2286.0,10.8
2024-03-16,76,,2292.0,10.600000000000001
2024-03-17,77,,2295.0,10.8
2024-03-18,78,,2298.0,26.599999999999998
2024-03-19,79,,2305.0,2.1999999999999997
2024-03-20,80,,2309.0,2.8
2024-03-21,81,,2312.0,17.0
2024-03-22,82,,2316.0,13.8
2024-03-23,83,,2318.0,0.8
2024-03-24,84,,2332.0,54.4
2024-03-25,85,,2336.0,0.4
2024-03-26,86,,2341.0,0.6000000000000001
2024-03-27,87,,2346.0,0.2
2024-03-28,88,,2353.0,0.4
2024-03-29,89,,2358.0,0.2
2024-03-30,90,,2361.0,0.4
2024-03-31,91,,2366.0,0.2
2024-04-01,92,,2373.0,0.2
2024-04-02,93,,2376.0,4.6000000000000005
2024-04-03,94,,2382.0,0.0
2024-04-04,95,,2391.0,42.6
2024-04-05,96,,2394.0,9.4
2024-04-06,97,,2400.0,1.2000000000000002
2024-04-07,98,,2404.0,18.4
2024-04-08,99,,2409.0,2.0
2024-04-09,100,,2412.0,4.4
2024-04-10,101,,2418.0,0.0
2024-04-11,102,,2422.0,0.0
2024-04-12,103,,2435.0,59.8
2024-04-13,104,,2438.0,4.4
2024-04-14,105,,2443.0,0.0
2024-04-15,106,,2448.0,0.0
2024-04-16,107,,2456.0,0.6000000000000001
2024-04-17,108,,2463.0,5.6
2024-04-18,109,,2470.0,28.0
2024-04-19,110,,2476.0,0.2
2024-04-20,111,,2482.0,6.199999999999999
2024-04-21,112,,2487.0,43.8
2024-04-22,113,,2494.0,0.0
2024-04-23,114,,2500.0,0.0
2024-04-24,115,,2511.0,18.0
2024-04-25,116,,2514.0,1.2
2024-04-26,117,,2519.0,0.0
2024-04-27,118,,2523.0,0.0
2024-04-28,119,,2526.0,0.0
2024-04-29,120,,2533.0,5.199999999999999
2024-04-30,121,,2537.0,0.2
2024-05-01,122,,2539.0,0.2
2024-05-02,123,,2543.0,0.0
2024-05-03,124,,2547.0,0.0
2024-05-04,125,,2550.0,0.0
2024-05-05,126,,2554.0,4.4
2024-05-06,127,,2560.0,38.4
2024-05-07,128,,2563.0,25.4
2024-05-08,129,,2565.0,0.2
2024-05-09,130,,2567.0,0.0
2024-05-10,131,,2572.0,6.4
2024-05-11,132,,2573.0,2.8
2024-05-12,133,,2576.0,7.2
2024-05-13,134,,2578.0,10.8
2024-05-14,135,,2581.0,0.0
2024-05-15,136,,2583.0,0.8
2024-05-16,137,,2589.0,4.4
2024-05-17,138,,2592.0,69.8
2024-05-18,139,,2598.0,22.0
2024-05-19,140,,2603.0,32.2
2024-05-20,141,,2607.0,11.4
2024-05-21,142,,2610.0,0.0
2024-05-22,143,,2614.0,0.0
2024-05-23,144,,2617.0,0.0
2024-05-24,145,,2618.0,5.0
2024-05-25,146,,2622.0,7.3999999999999995
2024-05-26,147,,2624.0,0.6000000000000001
2024-05-27,148,,2630.0,60.8
2024-05-28,149,,2632.0,4.6
2024-05-29,150,,2636.0,0.7999999999999999
2024-05-30,151,,2641.0,2.0
2024-05-31,152,,2645.0,28.2
2024-06-01,153,,2649.0,64.4
2024-06-02,154,,2653.0,3.8
2024-06-03,155,,2656.0,7.800000000000001
2024-06-04,156,,2659.0,0.0
2024-06-05,157,,2663.0,14.0
2024-06-06,158,,2665.0,0.2
2024-06-07,159,,2667.0,1.4
2024-06-08,160,,2669.0,0.0
2024-06-09,161,,2673.0,12.2
2024-06-10,162,,2675.0,0.8
2024-06-11,163,,2676.0,1.2
2024-06-12,164,,2678.0,5.4
2024-06-13,165,,2683.0,36.4
2024-06-14,166,,2683.0,0.0
2024-06-15,167,,2684.0,0.0
2024-06-16,168,,2684.0,0.0
2024-06-17,169,,2685.0,0.0
2024-06-18,170,,2685.0,20.2
2024-06-19,171,,2685.0,0.0
2024-06-20,172,,2685.0,0.0
2024-06-21,173,,2685.0,0.0
2024-06-22,174,,2685.0,0.0
2024-06-23,175,,2684.0,0.0
2024-06-24,176,,2684.0,0.0
2024-06-25,177,,2683.0,0.0
2024-06-26,178,,2683.0,0.0
2024-06-27,179,,2683.0,0.0
2024-06-28,180,,2682.0,0.0
2024-06-29,181,,2681.0,0.0
2024-06-30,182,,2680.0,0.0
2024-07-01,183,,2679.0,2.0
2024-07-02,184,,2677.0,1.2
2024-07-03,185,,2675.0,0.0
2024-07-04,186,,2674.0,0.0
2024-07-05,187,,2672.0,0.0
2024-07-06,188,,2669.0,0.0
2024-07-07,189,,2666.0,0.0
2024-07-08,190,,2662.0,0.0
2024-07-09,191,,2658.0,0.0
2024-07-10,192,,2653.0,50.4
2024-07-11,193,,2649.0,0.0
2024-07-12,194,,2646.0,0.0
2024-07-13,195,,2643.0,18.6
2024-07-14,196,,2638.0,0.0
2024-07-15,197,,2632.0,0.0
2024-07-16,198,,2627.0,3.4
2024-07-17,199,,2621.0,0.0
2024-07-18,200,,2615.0,0.0
2024-07-19,201,,2609.0,0.0
2024-07-20,202,,2601.0,0.0
2024-07-21,203,,2595.0,0.0
2024-07-22,204,,2587.0,0.0
2024-07-23,205,,2581.0,0.2
2024-07-24,206,,2574.0,0.0
2024-07-25,207,,2567.0,0.0
2024-07-26,208,,2560.0,0.0
2024-07-27,209,,2552.0,0.0
2024-07-28,210,,2544.0,0.0
2024-07-29,211,,2536.0,0.0
2024-07-30,212,,2528.0,0.0
2024-07-31,213,,2520.0,0.0
2024-08-01,214,,2511.0,0.0
2024-08-02,215,,2503.0,0.0
2024-08-03,216,,2493.0,0.0
2024-08-04,217,,2484.0,0.0
2024-08-05,218,,2474.0,0.0
2024-08-06,219,,2464.0,1.0
2024-08-07,220,,2453.0,0.0
2024-08-08,221,,2442.0,0.0
2024-08-09,222,,2430.0,0.0
2024-08-10,223,,2419.0,0.0
2024-08-11,224,,2407.0,5.0
2024-08-12,225,,2392.0,0.0
2024-08-13,226,,2378.0,17.8
2024-08-14,227,,2365.0,7.6
2024-08-15,228,,2350.0,0.0
2024-08-16,229,,2335.0,0.0
2024-08-17,230,,2318.0,0.0
2024-08-18,231,,2301.0,0.0
2024-08-19,232,,2282.0,0.0
2024-08-20,233,,2263.0,0.0
2024-08-21,234,,2242.0,0.0
2024-08-22,235,,2221.0,0.0
2024-08-23,236,,2200.0,0.0
2024-08-24,237,,2177.0,0.0
2024-08-25,238,,2153.0,0.0
2024-08-26,239,,2132.0,0.0
2024-08-27,240,,2107.0,0.0
2024-08-28,241,,2083.0,0.0
2024-08-29,242,,2059.0,0.0
2024-08-30,243,,2035.0,0.0
2024-08-31,244,,2010.0,0.0
2024-09-01,245,,1985.0,0.0
2024-09-02,246,,1960.0,0.0
2024-09-03,247,,1934.0,0.0
2024-09-04,248,,1908.0,0.0
2024-09-05,249,,1884.0,0.0
2024-09-06,250,,1858.0,5.2
2024-09-07,251,,1833.0,0.0
2024-09-08,252,,1808.0,0.0
2024-09-09,253,,1782.0,0.0
2024-09-10,254,,1759.0,0.0
2024-09-11,255,,1734.0,0.0
2024-09-12,256,,1709.0,0.0
2024-09-13,257,,1686.0,0.0
2024-09-14,258,,1659.0,0.0
2024-09-15,259,,1634.0,0.0
2024-09-16,260,,1608.0,0.0
2024-09-17,261,,1583.0,0.0
2024-09-18,262,,1562.0,0.0
2024-09-19,263,,1537.0,0.0
2024-09-20,264,,1517.0,0.0
2024-09-21,265,,1496.0,0.2
2024-09-22,266,,1478.0,0.0
2024-09-23,267,,1456.0,0.0
2024-09-24,268,,1437.0,5.199999999999999
2024-09-25,269,,1418.0,0.4
2024-09-26,270,,1397.0,1.5999999999999999
2024-09-27,271,,1378.0,5.0
2024-09-28,272,,1363.0,17.8
2024-09-29,273,,1341.0,0.0
2024-09-30,274,,1322.0,0.2
2024-10-01,275,,1308.0,0.0
2024-10-02,276,,1295.0,0.0
2024-10-03,277,,1281.0,0.6
2024-10-04,278,,1269.0,0.0
2024-10-05,279,,1260.0,0.0
2024-10-06,280,,1248.0,3.0
2024-10-07,281,,1240.0,0.2
2024-10-08,282,,1238.0,0.0
2024-10-09,283,,1233.0,0.2
2024-10-10,284,,1231.0,0.0
2024-10-11,285,,1230.0,0.0
2024-10-12,286,,1229.0,0.2
2024-10-13,287,,1231.0,5.0
2024-10-14,288,,1232.0,0.0
2024-10-15,289,,1236.0,0.0
2024-10-16,290,,1240.0,9.2
2024-10-17,291,,1246.0,0.0
2024-10-18,292,,1248.0,1.4
2024-10-19,293,,1250.0,0.0
2024-10-20,294,,1253.0,0.0
2024-10-21,295,,1255.0,0.0
2024-10-22,296,,1260.0,15.6
2024-10-23,297,,1258.0,0.0
2024-10-24,298,,1257.0,0.2
2024-10-25,299,,1251.0,0.0
2024-10-26,300,,1245.0,0.0
2024-10-27,301,,1237.0,3.4
2024-10-28,302,,1229.0,0.0
2024-10-29,303,,1227.0,0.0
2024-10-30,304,,1220.0,0.0
2024-10-31,305,,1217.0,0.4
2024-11-01,306,,1216.0,0.0
2024-11-02,307,,1216.0,0.0
2024-11-03,308,,1216.0,0.0
2024-11-04,309,,1216.0,12.2
2024-11-05,310,,1217.0,0.0
2024-11-06,311,,1218.0,45.199999999999996
2024-11-07,312,,1220.0,0.0
2024-11-08,313,,1225.0,0.0
2024-11-09,314,,1233.0,0.0
2024-11-10,315,,1246.0,0.0
2024-11-11,316,,1263.0,0.0
2024-11-12,317,,1282.0,0.0
2024-11-13,318,,1301.0,2.8
2024-11-14,319,,1324.0,0.0
2024-11-15,320,,1345.0,1.7999999999999998
2024-11-16,321,,1365.0,0.8
2024-11-17,322,,1380.0,0.0
2024-11-18,323,,1394.0,0.0
2024-11-19,324,,1403.0,18.2
2024-11-20,325,,1411.0,0.0
2024-11-21,326,,1418.0,9.2
2024-11-22,327,,1421.0,0.2
2024-11-23,328,,1424.0,1.5999999999999999
2024-11-24,329,,1427.0,1.8
2024-11-25,330,,1426.0,7.3999999999999995
2024-11-26,331,,1432.0,0.0
2024-11-27,332,,1430.0,0.0
2024-11-28,333,,1433.0,0.0
2024-11-29,334,,1437.0,0.0
2024-11-30,335,,1441.0,0.0
2024-12-01,336,,1444.0,12.8
2024-12-02,337,,1450.0,0.0
2024-12-03,338,,1455.0,0.2
2024-12-04,339,,1463.0,11.0
2024-12-05,340,,1471.0,0.6
2024-12-06,341,,1486.0,14.8
2024-12-07,342,,1496.0,0.8
2024-12-08,343,,1508.0,5.6
2024-12-09,344,,1519.0,0.0
2024-12-10,345,,1528.0,16.4
2024-12-11,346,,1542.0,0.0
2024-12-12,347,,1551.0,16.2
2024-12-13,348,,1563.0,15.6
2024-12-14,349,,1575.0,26.4
2024-12-15,350,,1588.0,9.8
2024-12-16,351,,1600.0,2.0
2024-12-17,352,,1616.0,3.0
2024-12-18,353,,1630.0,0.6000000000000001
2024-12-19,354,,1645.0,1.6
2024-12-20,355,,1661.0,10.0
2024-12-21,356,,1676.0,0.0
2024-12-22,357,,1688.0,0.0
2024-12-23,358,,1702.0,10.0
2024-12-24,359,,1718.0,0.6
2024-12-25,360,,1732.0,5.6
2024-12-26,361,,1749.0,27.0
2024-12-27,362,,1765.0,3.6
2024-12-28,363,,1782.0,0.6
2024-12-29,364,,1804.0,28.2
2024-12-30,365,,1819.0,22.599999999999998
2024-12-31,366,,1833.0,0.0
2025-01-01,1,,1854.0,1.4
2025-01-02,2,,1871.0,12.8
2025-01-03,3,,1893.0,0.0
2025-01-04,4,,1912.0,35.8
2025-01-05,5,,1937.0,11.0
2025-01-06,6,,1953.0,8.8
2025-01-07,7,,1973.0,1.6
2025-01-08,8,,1992.0,0.4
2025-01-09,9,,2009.0,0.4
2025-01-10,10,,2024.0,0.2
2025-01-11,11,,2037.0,0.6000000000000001
2025-01-12,12,,2050.0,1.4000000000000001
2025-01-13,13,,2063.0,4.800000000000001
2025-01-14,14,,2076.0,5.6000000000000005
2025-01-15,15,,2084.0,2.2
2025-01-16,16,,2097.0,0.0
2025-01-17,17,,2109.0,0.0
2025-01-18,18,,2122.0,7.0
2025-01-19,19,,2134.0,35.2
2025-01-20,20,,2145.0,0.2
2025-01-21,21,,2153.0,0.0
2025-01-22,22,,2163.0,0.2
2025-01-23,23,,2173.0,0.2
2025-01-24,24,,2186.0,0.0
2025-01-25,25,,2192.0,0.2
2025-01-26,26,,2200.0,0.2
2025-01-27,27,,2209.0,0.0
2025-01-28,28,,2212.0,0.6000000000000001
2025-01-29,29,,2216.0,0.6000000000000001
2025-01-30,30,,2219.0,0.2
2025-01-31,31,,2222.0,16.0
2025-02-01,32,,2224.0,5.4
2025-02-02,33,,2223.0,0.4
2025-02-03,34,,2222.0,0.2
2025-02-04,35,,2227.0,1.4000000000000001
2025-02-05,36,,2223.0,1.2000000000000002
2025-02-06,37,,2223.0,3.8000000000000003
2025-02-07,38,,2225.0,1.6
2025-02-08,39,,2227.0,0.6000000000000001
2025-02-09,40,,2230.0,1.4000000000000001
2025-02-10,41,,2231.0,1.2000000000000002
2025-02-11,42,,2235.0,3.0
2025-02-12,43,,2238.0,5.6000000000000005
2025-02-13,44,,2244.0,2.6
2025-02-14,45,,2253.0,2.4000000000000004
2025-02-15,46,,2262.0,2.0
2025-02-16,47,,2270.0,1.6
2025-02-17,48,,2272.0,1.0
2025-02-18,49,,2281.0,1.2000000000000002
2025-02-19,50,,2291.0,13.4
2025-02-20,51,,2301.0,0.0
2025-02-21,52,,2312.0,21.8
2025-02-22,53,,2323.0,14.399999999999999
2025-02-23,54,,2335.0,4.2
2025-02-24,55,,2347.0,0.0
2025-02-25,56,,2359.0,1.7999999999999998
2025-02-26,57,,2370.0,8.2
2025-02-27,58,,2382.0,0.6000000000000001
2025-02-28,59,,2393.0,0.4
2025-03-01,60,,2401.0,0.2
2025-03-02,61,,2411.0,0.0
2025-03-03,62,,2418.0,31.6
2025-03-04,63,,2437.0,110.8
2025-03-05,64,,2440.0,1.0
2025-03-06,65,,2448.0,0.2
2025-03-07,66,,2457.0,9.8
2025-03-08,67,,2468.0,66.2
2025-03-09,68,,2475.0,0.0
2025-03-10,69,,2483.0,0.0
2025-03-11,70,,2491.0,5.2
2025-03-12,71,,2495.0,2.4000000000000004
2025-03-13,72,,2501.0,0.8
2025-03-14,73,,2508.0,6.2
2025-03-15,74,,2514.0,60.800000000000004
2025-03-16,75,,2518.0,0.2
2025-03-17,76,,2524.0,9.0
2025-03-18,77,,2529.0,12.6
2025-03-19,78,,2544.0,47.8
2025-03-20,79,,2546.0,0.4
2025-03-21,80,,2551.0,0.0
2025-03-22,81,,2556.0,6.2
2025-03-23,82,,2562.0,36.6
2025-03-24,83,,2567.0,4.8
2025-03-25,84,,2572.0,0.0
2025-03-26,85,,2579.0,22.2
2025-03-27,86,,2589.0,35.8
2025-03-28,87,,2588.0,10.4
2025-03-29,88,,2592.0,0.0
2025-03-30,89,,2596.0,45.6
2025-03-31,90,,2600.0,16.4
2025-04-01,91,,2603.0,0.0
2025-04-02,92,,2607.0,6.4
2025-04-03,93,,2611.0,2.2
2025-04-04,94,,2618.0,7.3999999999999995
2025-04-05,95,,2620.0,1.0
2025-04-06,96,,2625.0,0.0
2025-04-07,97,,2629.0,0.0
2025-04-08,98,,2635.0,7.0
2025-04-09,99,,2638.0,0.0
2025-04-10,100,,2645.0,8.8
2025-04-11,101,,2652.0,13.2
2025-04-12,102,,2659.0,20.4
2025-04-13,103,,2664.0,0.0
2025-04-14,104,,2670.0,2.4
2025-04-15,105,,2677.0,0.0
2025-04-16,106,,2683.0,0.0
2025-04-17,107,,2689.0,0.0
2025-04-18,108,,2696.0,0.0
2025-04-19,109,,2701.0,0.0
2025-04-20,110,,2711.0,11.8
2025-04-21,111,,2717.0,0.2
2025-04-22,112,,2722.0,0.0
2025-04-23,113,,2728.0,0.0
2025-04-24,114,,2734.0,22.6
2025-04-25,115,,2740.0,1.4000000000000001
2025-04-26,116,,2744.0,0.0
2025-04-27,117,,2751.0,138.0
2025-04-28,118,,2755.0,0.0
2025-04-29,119,,2760.0,0.4
2025-04-30,120,,2770.0,12.600000000000001
2025-05-01,121,,2773.0,0.6000000000000001
2025-05-02,122,,2777.0,0.0
2025-05-03,123,,2782.0,0.0
2025-05-04,124,,2785.0,0.0
2025-05-05,125,,2788.0,0.0
2025-05-06,126,,2792.0,1.8
2025-05-07,127,,2795.0,7.8
2025-05-08,128,,2799.0,0.2
2025-05-09,129,,2800.0,0.0
2025-05-10,130,,2802.0,0.0
2025-05-11,131,,2805.0,1.2
2025-05-12,132,,2808.0,12.2
2025-05-13,133,,2810.0,0.0
2025-05-14,134,,2813.0,0.0
2025-05-15,135,,2817.0,31.8
2025-05-16,136,,2820.0,0.0
2025-05-17,137,,2822.0,0.2
2025-05-18,138,,2828.0,6.0
2025-05-19,139,,2831.0,1.0
2025-05-20,140,,2834.0,1.6
2025-05-21,141,,2836.0,0.2
2025-05-22,142,,2838.0,0.0
2025-05-23,143,,2841.0,1.2
2025-05-24,144,,2843.0,2.0
2025-05-25,145,,2846.0,0.0
2025-05-26,146,,2847.0,0.0
2025-05-27,147,,2850.0,2.2
2025-05-28,148,,2852.0,0.0
2025-05-29,149,,2854.0,0.0
2025-05-30,150,,2856.0,4.800000000000001
2025-05-31,151,,2856.0,0.0
2025-06-01,152,,2858.0,8.2
2025-06-02,153,,2860.0,1.4
2025-06-03,154,,2862.0,0.0
2025-06-04,155,,2864.0,0.2
2025-06-05,156,,2865.0,0.0
2025-06-06,157,,2867.0,0.0
2025-06-07,158,,2868.0,2.0
2025-06-08,159,,2872.0,66.60000000000001
2025-06-09,160,,2875.0,8.0
2025-06-10,161,,2876.0,0.2
2025-06-11,162,,2878.0,11.4
2025-06-12,163,,2882.0,51.0
2025-06-13,164,,2883.0,0.0
2025-06-14,165,,2884.0,12.4
2025-06-15,166,,2886.0,0.2
2025-06-16,167,,2886.0,0.0
2025-06-17,168,,2887.0,0.0
2025-06-18,169,,2888.0,0.0
2025-06-19,170,,2890.0,0.0
2025-06-20,171,,2891.0,0.0
2025-06-21,172,,2892.0,5.4
2025-06-22,173,,2894.0,0.2
2025-06-23,174,,2895.0,0.0
2025-06-24,175,,2894.0,0.0
2025-06-25,176,,2896.0,0.0
2025-06-26,177,,2896.0,0.0
2025-06-27,178,,2897.0,0.0
2025-06-28,179,,2899.0,5.2
2025-06-29,180,,2900.0,0.0
2025-06-30,181,,2899.0,0.0
2025-07-01,182,,2900.0,0.0
2025-07-02,183,,2901.0,9.8
2025-07-03,184,,2902.0,18.0
2025-07-04,185,,2904.0,31.4
2025-07-05,186,,2904.0,8.2
2025-07-06,187,,2903.0,0.2
2025-07-07,188,,2902.0,0.0
2025-07-08,189,,2901.0,0.0
2025-07-09,190,,2899.0,0.0
2025-07-10,191,,2899.0,7.8
2025-07-11,192,,2897.0,0.0
2025-07-12,193,,2896.0,0.0
2025-07-13,194,,2894.0,0.0
2025-07-14,195,,2892.0,0.0
2025-07-15,196,,2891.0,0.0
2025-07-16,197,,2889.0,0.0
2025-07-17,198,,2887.0,0.0
2025-07-18,199,,2885.0,0.0
2025-07-19,200,,2883.0,0.0
2025-07-20,201,,2880.0,0.0
2025-07-21,202,,2878.0,0.0
2025-07-22,203,,2875.0,0.0
2025-07-23,204,,2871.0,0.0
2025-07-24,205,,2870.0,0.0
2025-07-25,206,,2868.0,0.0
2025-07-26,207,,2865.0,2.2
2025-07-27,208,,2863.0,0.0
2025-07-28,209,,2859.0,0.0
2025-07-29,210,,2856.0,0.0
2025-07-30,211,,2853.0,0.0
2025-07-31,212,,2850.0,23.0
2025-08-01,213,,2847.0,2.2
2025-08-02,214,,2845.0,1.4
2025-08-03,215,,2840.0,0.0
2025-08-04,216,,2837.0,0.0
2025-08-05,217,,2833.0,0.0
2025-08-06,218,,2829.0,0.0
2025-08-07,219,,2825.0,10.799999999999999
2025-08-08,220,,2821.0,0.0
2025-08-09,221,,2816.0,0.0
2025-08-10,222,,2814.0,71.4
2025-08-11,223,,2812.0,6.8
2025-08-12,224,,2806.0,0.0
2025-08-13,225,,2800.0,0.0
2025-08-14,226,,2795.0,3.8
2025-08-15,227,,2788.0,0.0
2025-08-16,228,,2783.0,0.7999999999999999
2025-08-17,229,,2777.0,0.0
2025-08-18,230,,2771.0,0.0
2025-08-19,231,,2765.0,0.0
2025-08-20,232,,2758.0,0.0
2025-08-21,233,,2751.0,0.0
2025-08-22,234,,2744.0,0.0
2025-08-23,235,,2738.0,0.0
2025-08-24,236,,2730.0,0.0
2025-08-25,237,,2723.0,0.2
2025-08-26,238,,2715.0,0.0
2025-08-27,239,,2708.0,16.0
2025-08-28,240,,2699.0,0.0
2025-08-29,241,,2691.0,0.0
2025-08-30,242,,2683.0,0.0
2025-08-31,243,,2674.0,2.0
2025-09-01,244,,2665.0,0.0
2025-09-02,245,,2656.0,0.0
2025-09-03,246,,2646.0,0.0
2025-09-04,247,,2637.0,22.2
2025-09-05,248,,2627.0,0.0
2025-09-06,249,,2617.0,0.0
2025-09-07,250,,2606.0,0.0
2025-09-08,251,,2594.0,0.0
2025-09-09,252,,2584.0,0.0
2025-09-10,253,,2572.0,0.0
2025-09-11,254,,2559.0,0.0
2025-09-12,255,,2547.0,0.0
2025-09-13,256,,2535.0,27.0
2025-09-14,257,,2520.0,3.4000000000000004
2025-09-15,258,,2508.0,0.0
2025-09-16,259,,2495.0,0.0
2025-09-17,260,,2481.0,4.0
2025-09-18,261,,2465.0,0.2
2025-09-19,262,,2451.0,2.0
2025-09-20,263,,2436.0,0.0
2025-09-21,264,,2422.0,2.0
2025-09-22,265,,2406.0,0.2
2025-09-23,266,,2390.0,0.0
2025-09-24,267,,2373.0,0.0
2025-09-25,268,,2357.0,0.0
2025-09-26,269,,2339.0,0.0
2025-09-27,270,,2325.0,7.6000000000000005
2025-09-28,271,,2309.0,0.0
2025-09-29,272,,2294.0,1.4
2025-09-30,273,,2276.0,8.2
2025-10-01,274,,2260.0,0.0
2025-10-02,275,,2245.0,11.4
2025-10-03,276,,2228.0,0.0
2025-10-04,277,,2210.0,0.0
2025-10-05,278,,2195.0,53.6
2025-10-06,279,,2179.0,0.2
2025-10-07,280,,2163.0,0.0
2025-10-08,281,,2147.0,12.4
2025-10-09,282,,2133.0,0.2
2025-10-10,283,,2120.0,27.4
2025-10-11,284,,2106.0,13.8
2025-10-12,285,,2091.0,0.2
2025-10-13,286,,2077.0,0.0
2025-10-14,287,,2064.0,56.2
2025-10-15,288,,2051.0,0.0
2025-10-16,289,,2039.0,0.0
2025-10-17,290,,2026.0,0.0
2025-10-18,291,,2013.0,0.0
2025-10-19,292,,2001.0,0.0
2025-10-20,293,,1988.0,13.4
2025-10-21,294,,1978.0,0.0
2025-10-22,295,,1969.0,1.5999999999999999
2025-10-23,296,,1959.0,0.0
2025-10-24,297,,1950.0,6.6
2025-10-25,298,,1943.0,2.6
2025-10-26,299,,1937.0,0.0
2025-10-27,300,,1930.0,0.0
2025-10-28,301,,1922.0,0.0
2025-10-29,302,,1915.0,0.0
2025-10-30,303,,1909.0,0.0
2025-10-31,304,,1904.0,6.799999999999999
2025-11-01,305,,1899.0,2.4
2025-11-02,306,,1895.0,0.0
2025-11-03,307,,1893.0,0.0
2025-11-04,308,,1893.0,26.4
2025-11-05,309,,1886.0,0.0
2025-11-06,310,,1888.0,6.0
2025-11-07,311,,1887.0,0.0
2025-11-08,312,,1885.0,0.0
2025-11-09,313,,1885.0,0.0
2025-11-10,314,,1884.0,7.4
2025-11-11,315,,1887.0,35.0
2025-11-12,316,,1890.0,7.8
2025-11-13,317,,1893.0,1.6
2025-11-14,318,,1897.0,0.0
2025-11-15,319,,1899.0,0.0
2025-11-16,320,,1904.0,0.0
2025-11-17,321,,1905.0,8.0
2025-11-18,322,,1907.0,13.0
2025-11-19,323,,1910.0,0.2
2025-11-20,324,,1915.0,5.8
2025-11-21,325,,1917.0,0.0
2025-11-22,326,,1919.0,0.0
2025-11-23,327,,1924.0,0.0
2025-11-24,328,,1929.0,14.6
2025-11-25,329,,1934.0,9.6
2025-11-26,330,,1939.0,0.0
2025-11-27,331,,1946.0,0.0
2025-11-28,332,,1952.0,8.0
2025-11-29,333,,1963.0,42.8
2025-11-30,334,,1976.0,1.8
2025-12-01,335,,1981.0,4.0
2025-12-02,336,,1991.0,2.6
2025-12-03,337,,2000.0,31.4
2025-12-04,338,,2013.0,45.4
2025-12-05,339,,2025.0,0.0
2025-12-06,340,,2034.0,0.0
2025-12-07,341,,2055.0,17.6
2025-12-08,342,,2058.0,6.4
2025-12-09,343,,2068.0,0.0
2025-12-10,344,,2077.0,0.0
2025-12-11,345,,2087.0,0.0
2025-12-12,346,,2096.0,0.0
2025-12-13,347,,2103.0,0.0
2025-12-14,348,,2110.0,0.0
2025-12-15,349,,2121.0,88.39999999999999
2025-12-16,350,,2128.0,10.0
2025-12-17,351,,2135.0,6.6
2025-12-18,352,,2143.0,0.4
2025-12-19,353,,2151.0,43.2
2025-12-20,354,,2160.0,4.800000000000001
2025-12-21,355,,2166.0,0.2
2025-12-22,356,,2171.0,0.6000000000000001
2025-12-23,357,,2176.0,26.2
2025-12-24,358,,2183.0,51.2
2025-12-25,359,,2183.0,0.0
2025-12-26,360,,2186.0,0.0
2025-12-27,361,,2188.0,0.0
2025-12-28,362,,2189.0,0.0
2025-12-29,363,,2193.0,44.2
2025-12-30,364,,2195.0,0.2
2025-12-31,365,,2197.0,1.2
2026-01-01,1,,2198.0,0.0
2026-01-02,2,,2200.0,0.6000000000000001
2026-01-03,3,,2199.0,0.2
2026-01-04,4,,2199.0,15.6
2026-01-05,5,,2199.0,1.0
2026-01-06,6,,2201.0,0.6000000000000001
2026-01-07,7,,2202.0,14.6
2026-01-08,8,,2204.0,4.4
2026-01-09,9,,2201.0,8.200000000000001
2026-01-10,10,,2201.0,0.4
2026-01-11,11,,2202.0,17.2
2026-01-12,12,,2202.0,10.6
2026-01-13,13,,2202.0,0.6000000000000001
2026-01-14,14,,2202.0,0.8
2026-01-15,15,,2201.0,0.4
2026-01-16,16,,2200.0,0.0
2026-01-17,17,,2200.0,48.2
2026-01-18,18,,2201.0,0.0
2026-01-19,19,,2201.0,0.0
2026-01-20,20,,2204.0,34.400000000000006
2026-01-21,21,,2215.0,45.4
2026-01-22,22,,2216.0,0.0
2026-01-23,23,,2222.0,18.2
2026-01-24,24,,2228.0,11.8
2026-01-25,25,,2235.0,0.0
2026-01-26,26,,2242.0,14.8
2026-01-27,27,,2250.0,0.2
2026-01-28,28,,2260.0,0.4
2026-01-29,29,,2266.0,0.0
2026-01-30,30,,2274.0,0.0
2026-01-31,31,,2284.0,31.6
2026-02-01,32,,2294.0,0.0
2026-02-02,33,,2304.0,33.0
2026-02-03,34,,2311.0,21.599999999999998
2026-02-04,35,,2319.0,6.6
2026-02-05,36,,2326.0,9.999999999999998
2026-02-06,37,,2342.0,12.2
2026-02-07,38,,2347.0,0.0
2026-02-08,39,,2355.0,0.0
2026-02-09,40,,2366.0,17.4
2026-02-10,41,,2373.0,0.0
2026-02-11,42,,2380.0,1.6
2026-02-12,43,,2387.0,7.800000000000001
2026-02-13,44,,2394.0,0.6
2026-02-14,45,,2397.0,0.0
2026-02-15,46,,2403.0,2.4000000000000004
2026-02-16,47,,2409.0,32.0
2026-02-17,48,,2414.0,5.2
2026-02-18,49,,2420.0,0.0
2026-02-19,50,,2424.0,0.0
2026-02-20,51,,2428.0,0.0
2026-02-21,52,,2432.0,0.0
2026-02-22,53,,2435.0,0.0
2026-02-23,54,,2438.0,0.0
2026-02-24,55,,2443.0,8.6
2026-02-25,56,,2444.0,1.4
2026-02-26,57,,2448.0,33.2
2026-02-27,58,,2449.0,0.2
2026-02-28,59,,2451.0,0.0
2026-03-01,60,,2453.0,0.0
2026-03-02,61,,2454.0,4.8
2026-03-03,62,,2455.0,0.0
2026-03-04,63,,2457.0,0.0
2026-03-05,64,,2458.0,0.0
2026-03-06,65,,2460.0,29.8
2026-03-07,66,,2462.0,0.2
2026-03-08,67,,2463.0,10.599999999999998
2026-03-09,68,,2465.0,0.0
2026-03-10,69,,2468.0,1.0
2026-03-11,70,,2471.0,0.0
2026-03-12,71,,2475.0,24.4
2026-03-13,72,,2475.0,1.0
2026-03-14,73,,2479.0,0.0
2026-03-15,74,,2484.0,12.0
2026-03-16,75,,2485.0,4.8
2026-03-17,76,,2487.0,0.2
2026-03-18,77,,2487.0,2.6
2026-03-19,78,,2503.0,30.400000000000002
2026-03-20,79,,2501.0,0.0
2026-03-21,80,,2503.0,0.0
2026-03-22,81,,2506.0,0.0
2026-03-23,82,,2509.0,0.0
2026-03-24,83,,2513.0,24.599999999999998
2026-03-25,84,,2528.0,108.60000000000001
2026-03-26,85,,2523.0,0.0
2026-03-27,86,,2529.0,0.0
2026-03-28,87,,2536.0,31.8
2026-03-29,88,,2538.0,0.2
2026-03-30,89,,2542.0,8.6
2026-03-31,90,,2546.0,29.2
2026-04-01,91,,2555.0,8.4
2026-04-02,92,,2550.0,0.0
2026-04-03,93,,2553.0,0.0
2026-04-04,94,,2569.0,85.2
2026-04-05,95,,2566.0,0.0
2026-04-06,96,,2569.0,3.1999999999999997
2026-04-07,97,,2573.0,1.8
2026-04-08,98,,2578.0,0.0
2026-04-09,99,,2582.0,0.4
2026-04-10,100,,2588.0,0.0
2026-04-11,101,,2592.0,0.0
2026-04-12,102,,2597.0,12.4
2026-04-13,103,,2602.0,3.5999999999999996
2026-04-14,104,,2613.0,8.4
2026-04-15,105,,2619.0,1.4
2026-04-16,106,,2623.0,12.600000000000001
2026-04-17,107,,2628.0,4.2
2026-04-18,108,,2630.0,0.0
2026-04-19,109,,2633.0,0.0
2026-04-20,110,,2637.0,0.2
2026-04-21,111,,2640.0,0.2
2026-04-22,112,,2648.0,23.4
2026-04-23,113,,2652.0,17.8
2026-04-24,114,,2656.0,2.2
2026-04-25,115,,2661.0,1.8
2026-04-26,116,,2664.0,5.2
2026-04-27,117,,2668.0,33.8
2026-04-28,118,,2671.0,0.0
2026-04-29,119,,2677.0,0.2
2026-04-30,120,,2678.0,0.0
2026-05-01,121,,2683.0,25.2
2026-05-02,122,,2686.0,2.2
2026-05-03,123,,2692.0,33.4
2026-05-04,124,,2697.0,25.8
2026-05-05,125,,2702.0,7.4
2026-05-06,126,,2707.0,3.6000000000000005
2026-05-07,127,,2711.0,7.6
2026-05-08,128,,2715.0,10.6
2026-05-09,129,,2716.0,0.2
2026-05-10,130,,2718.0,0.0
2026-05-11,131,,2721.0,14.8
2026-05-12,132,,2725.0,25.599999999999998
2026-05-13,133,,2729.0,0.2
2026-05-14,134,,2732.0,5.4
2026-05-15,135,,2738.0,35.4
2026-05-16,136,,2740.0,0.0
2026-05-17,137,,2742.0,0.0
2026-05-18,138,,2744.0,9.0
2026-05-19,139,,2747.0,0.0
2026-05-20,140,,2749.0,23.4
2026-05-21,141,,2755.0,16.8
2026-05-22,142,,2759.0,2.6
2026-05-23,143,,2763.0,0.0
2026-05-24,144,,2766.0,0.0
2026-05-25,145,,2770.0,0.4
2026-05-26,146,,2773.0,0.0
2026-05-27,147,,2777.0,0.0
2026-05-28,148,,2780.0,0.0
2026-05-29,149,,2783.0,0.0
2026-05-30,150,,2786.0,0.0
2026-05-31,151,,2794.0,28.6
2026-06-01,152,,2798.0,0.0
2026-06-02,153,,2799.0,0.8
2026-06-03,154,,2802.0,0.0
2026-06-04,155,,2806.0,0.0
2026-06-05,156,,2808.0,3.2
2026-06-06,157,,2814.0,0.8
2026-06-07,158,,2820.0,15.799999999999999
2026-06-08,159,,2824.0,6.0
2026-06-09,160,,2828.0,21.4
2026-06-10,161,,2830.0,1.6
2026-06-11,162,,2835.0,0.4
2026-06-12,163,,2838.0,0.0
2026-06-13,164,,2839.0,0.0
2026-06-14,165,,2842.0,0.0
2026-06-15,166,,2843.0,0.0
2026-06-16,167,,2845.0,0.0
2026-06-17,168,,2847.0,8.6
2026-06-18,169,,2848.0,0.0
2026-06-19,170,,2851.0,0.0
2026-06-20,171,,2850.0,0.0
2026-06-21,172,,2851.0,0.0
2026-06-22,173,,2851.0,0.0
2026-06-23,174,,2850.0,0.0
2026-06-24,175,,2850.0,0.0
2026-06-25,176,,2851.0,7.2
2026-06-26,177,,2850.0,0.4
2026-06-27,178,,2851.0,22.799999999999997
2026-06-28,179,,2850.0,0.4
2026-06-29,180,,2851.0,24.4
2026-06-30,181,,2851.0,12.200000000000001
2026-07-01,182,,2851.0,0.0
2026-07-02,183,,2850.0,0.0
2026-07-03,184,,2848.0,0.0
2026-07-04,185,,2846.0,0.0
2026-07-05,186,,2844.0,0.0
2026-07-06,187,,2842.0,2.6
2026-07-07,188,,2840.0,0.0
2026-07-08,189,,2837.0,0.0
2026-07-09,190,,2836.0,0.0
2026-07-10,191,,2833.0,0.0
2026-07-11,192,,2830.0,0.0
2026-07-12,193,,2828.0,0.0
2026-07-13,194,,2825.0,0.0
2026-07-14,195,,2822.0,0.0
2026-07-15,196,,2819.0,0.0
2026-07-16,197,,2815.2,0.0
2026-07-17,198,,2812.0,0.0
2026-07-18,199,,2809.0,0.0
2026-07-19,200,,2805.0,0.0
2026-07-20,201,,2800.0,0.0
2026-07-21,202,,2796.0,0.0
2026-07-22,203,,2793.0,0.0
2026-07-23,204,,2788.0,0.0
2026-07-24,205,,2783.0,0.0
2026-07-25,206,,2778.0,0.0
2026-07-26,207,,2773.0,0.0
2026-07-27,208,,2768.0,0.0
2026-07-28,209,,2762.0,0.0
2026-07-29,210,,2757.0,0.0
2026-07-30,211,,2750.0,0.0
2026-07-31,212,,2744.0,0.0
2026-08-01,213,,2737.0,0.0
2026-08-02,214,,2731.0,0.0
2026-08-03,215,,2724.0,0.0
2026-08-04,216,,2716.0,0.0
2026-08-05,217,,2709.0,0.0
2026-08-06,218,,2702.0,0.0
2026-08-07,219,,2694.0,0.0
2026-08-08,220,,2685.0,0.0
2026-08-09,221,,2676.0,0.0
2026-08-10,222,,2668.0,0.0
2026-08-11,223,,2659.0,0.0
2026-08-12,224,,2649.0,0.0
2026-08-13,225,,2640.0,0.0
2026-08-14,226,,2632.0,0.0
2026-08-15,227,,2622.0,0.0
2026-08-16,228,,2611.0,0.0
2026-08-17,229,,2600.0,0.0
2026-08-18,230,,2589.0,0.0
2026-08-19,231,,2578.0,0.0
2026-08-19,231,,,
2026-08-20,232,,,
2026-08-21,233,,,
2026-08-22,234,,,
2026-08-23,235,,,
2026-08-24,236,,,
2026-08-25,237,,,
2026-08-26,238,,,
2026-08-27,239,,,
2026-08-28,240,,,
2026-08-29,241,,,
2026-08-30,242,,,
2026-08-31,243,,,
2026-09-01,244,,,
2026-09-02,245,,,
2026-09-03,246,,,
2026-09-04,247,,,
2026-09-05,248,,,
2026-09-06,249,,,
2026-09-07,250,,,
2026-09-08,251,,,
2026-09-09,252,,,
2026-09-10,253,,,
2026-09-11,254,,,
2026-09-12,255,,,
2026-09-13,256,,,
2026-09-14,257,,,
2026-09-15,258,,,
2026-09-16,259,,,
2026-09-17,260,,,
2026-09-18,261,,,
2026-09-19,262,,,
2026-09-20,263,,,
2026-09-21,264,,,
2026-09-22,265,,,
2026-09-23,266,,,
2026-09-24,267,,,
2026-09-25,268,,,
2026-09-26,269,,,
2026-09-27,270,,,
2026-09-28,271,,,
2026-09-29,272,,,
2026-09-30,273,,,
2026-10-01,274,,,
2026-10-02,275,,,
2026-10-03,276,,,
2026-10-04,277,,,
2026-10-05,278,,,
2026-10-06,279,,,
2026-10-07,280,,,
2026-10-08,281,,,
2026-10-09,282,,,
2026-10-10,283,,,
2026-10-11,284,,,
2026-10-12,285,,,
2026-10-13,286,,,
2026-10-14,287,,,
2026-10-15,288,,,
2026-10-16,289,,,
2026-10-17,290,,,
2026-10-18,291,,,
2026-10-19,292,,,
2026-10-20,293,,,
2026-10-21,294,,,
2026-10-22,295,,,
2026-10-23,296,,,
2026-10-24,297,,,
2026-10-25,298,,,
2026-10-26,299,,,
2026-10-27,300,,,
2026-10-28,301,,,
2026-10-29,302,,,
2026-10-30,303,,,
2026-10-31,304,,,
2026-11-01,305,,,
2026-11-02,306,,,
2026-11-03,307,,,
2026-11-04,308,,,
2026-11-05,309,,,
2026-11-06,310,,,
2026-11-07,311,,,
2026-11-08,312,,,
2026-11-09,313,,,
2026-11-10,314,,,
2026-11-11,315,,,
2026-11-12,316,,,
2026-11-13,317,,,
2026-11-14,318,,,
2026-11-15,319,,,
2026-11-16,320,,,
2026-11-17,321,,,
2026-11-18,322,,,
2026-11-19,323,,,
2026-11-20,324,,,
2026-11-21,325,,,
2026-11-22,326,,,
2026-11-23,327,,,
2026-11-24,328,,,
2026-11-25,329,,,
2026-11-26,330,,,
2026-11-27,331,,,
2026-11-28,332,,,
2026-11-29,333,,,
2026-11-30,334,,,
2026-12-01,335,,,
2026-12-02,336,,,
2026-12-03,337,,,
2026-12-04,338,,,
2026-12-05,339,,,
2026-12-06,340,,,
2026-12-07,341,,,
2026-12-08,342,,,
2026-12-09,343,,,
2026-12-10,344,,,
2026-12-11,345,,,
2026-12-12,346,,,
2026-12-13,347,,,
2026-12-14,348,,,
2026-12-15,349,,,
2026-12-16,350,,,
2026-12-17,351,,,
2026-12-18,352,,,
2026-12-19,353,,,
2026-12-20,354,,,
2026-12-21,355,,,
2026-12-22,356,,,
2026-12-23,357,,,
2026-12-24,358,,,
2026-12-25,359,,,
2026-12-26,360,,,
2026-12-27,361,,,
2026-12-28,362,,,
2026-12-29,363,,,
2026-12-30,364,,,
